borrower_id,transaction_id,timestamp,transaction_type,amount,balance_before,balance_after,fee,recipient_id,synthetic_demo
DEMO_00151,TXN_00005436,2026-01-02 03:06:00,DEBIT,9.08,274.63,265.55,0.0,RECIPIENT_01,True
DEMO_00151,TXN_00005437,2026-01-03 08:06:00,TRANSFER,16.53,315.69,299.16,0.0,RECIPIENT_03,True
DEMO_00151,TXN_00005438,2026-01-03 15:01:00,PAYMENT_SEND,10.98,437.26,426.28,0.25,RECIPIENT_14,True
DEMO_00151,TXN_00005439,2026-01-04 09:42:00,CASH_IN,12.68,314.14,326.82,0.0,RECIPIENT_17,True
DEMO_00151,TXN_00005440,2026-01-05 00:18:00,TRANSFER,14.24,352.95,338.71,0.0,RECIPIENT_04,True
DEMO_00151,TXN_00005441,2026-01-05 19:28:00,CASH_IN,8.0,385.36,393.36,0.0,RECIPIENT_00,True
DEMO_00151,TXN_00005442,2026-01-06 19:51:00,TRANSFER,15.47,482.72,467.24,0.0,RECIPIENT_04,True
DEMO_00151,TXN_00005443,2026-01-07 02:49:00,DEBIT,17.26,329.65,312.4,0.0,RECIPIENT_17,True
DEMO_00151,TXN_00005444,2026-01-08 21:43:00,PAYMENT,14.61,441.42,426.81,0.0,RECIPIENT_04,True
DEMO_00151,TXN_00005445,2026-01-09 10:35:00,DEBIT,20.24,618.25,598.02,0.0,RECIPIENT_00,True
DEMO_00151,TXN_00005446,2026-01-09 20:12:00,CASH_IN,26.96,351.05,378.0,0.0,RECIPIENT_02,True
DEMO_00151,TXN_00005447,2026-01-09 21:14:00,CASH_OUT,23.74,401.61,377.87,0.25,RECIPIENT_04,True
DEMO_00151,TXN_00005448,2026-01-11 00:57:00,CASH_IN,21.02,324.42,345.44,0.0,RECIPIENT_00,True
DEMO_00151,TXN_00005449,2026-01-12 00:12:00,DEBIT,21.32,557.84,536.52,0.0,RECIPIENT_17,True
DEMO_00151,TXN_00005450,2026-01-12 11:53:00,PAYMENT,14.14,305.93,291.79,0.0,RECIPIENT_10,True
DEMO_00151,TXN_00005451,2026-01-12 13:57:00,PAYMENT_SEND,11.27,244.16,232.89,0.25,RECIPIENT_04,True
DEMO_00151,TXN_00005452,2026-01-13 03:14:00,TRANSFER,20.72,443.2,422.47,0.0,RECIPIENT_14,True
DEMO_00151,TXN_00005453,2026-01-13 06:38:00,TRANSFER,20.81,348.35,327.55,0.0,RECIPIENT_01,True
DEMO_00151,TXN_00005454,2026-01-14 08:27:00,CASH_OUT,16.75,315.31,298.56,0.25,RECIPIENT_01,True
DEMO_00151,TXN_00005455,2026-01-14 18:52:00,DEBIT,49.68,378.05,328.38,0.0,RECIPIENT_10,True
DEMO_00151,TXN_00005456,2026-01-15 00:23:00,PAYMENT,24.75,301.54,276.79,0.0,RECIPIENT_12,True
DEMO_00151,TXN_00005457,2026-01-15 15:23:00,PAYMENT,10.09,286.54,276.45,0.0,RECIPIENT_11,True
DEMO_00151,TXN_00005458,2026-01-16 09:01:00,CASH_OUT,26.47,363.56,337.09,0.26,RECIPIENT_04,True
DEMO_00151,TXN_00005459,2026-01-17 03:05:00,PAYMENT,12.03,215.4,203.37,0.0,RECIPIENT_00,True
DEMO_00151,TXN_00005460,2026-01-17 08:55:00,TRANSFER,33.28,216.9,183.62,0.0,RECIPIENT_07,True
DEMO_00151,TXN_00005461,2026-01-18 09:10:00,CASH_OUT,16.78,326.71,309.93,0.25,RECIPIENT_00,True
DEMO_00151,TXN_00005462,2026-01-18 19:46:00,PAYMENT_SEND,20.41,303.39,282.98,0.25,RECIPIENT_02,True
DEMO_00151,TXN_00005463,2026-01-18 21:13:00,CASH_OUT,22.39,276.89,254.49,0.25,RECIPIENT_00,True
DEMO_00151,TXN_00005464,2026-01-19 08:48:00,TRANSFER,24.19,474.22,450.02,0.0,RECIPIENT_10,True
DEMO_00151,TXN_00005465,2026-01-19 21:17:00,DEBIT,28.56,376.77,348.21,0.0,RECIPIENT_01,True
DEMO_00151,TXN_00005466,2026-01-20 08:35:00,CASH_OUT,25.29,292.71,267.42,0.25,RECIPIENT_01,True
DEMO_00151,TXN_00005467,2026-01-20 23:49:00,CASH_IN,41.32,281.16,322.49,0.0,RECIPIENT_12,True
DEMO_00151,TXN_00005469,2026-01-22 00:36:00,PAYMENT,24.3,372.49,348.19,0.0,RECIPIENT_01,True
DEMO_00151,TXN_00005468,2026-01-22 12:45:00,CASH_IN,28.08,361.01,389.08,0.0,RECIPIENT_02,True
DEMO_00151,TXN_00005470,2026-01-23 13:35:00,DEBIT,19.7,316.33,296.62,0.0,RECIPIENT_03,True
DEMO_00151,TXN_00005471,2026-01-23 21:35:00,PAYMENT,38.69,347.62,308.93,0.0,RECIPIENT_13,True
DEMO_00157,TXN_00005652,2026-01-02 06:36:00,DEBIT,40.93,218.51,177.57,0.0,RECIPIENT_00,True
DEMO_00157,TXN_00005653,2026-01-02 23:50:00,CASH_OUT,25.83,121.2,95.37,0.26,RECIPIENT_02,True
DEMO_00157,TXN_00005654,2026-01-03 14:10:00,TRANSFER,25.6,194.61,169.01,0.0,RECIPIENT_16,True
DEMO_00157,TXN_00005655,2026-01-04 19:15:00,DEBIT,16.03,160.49,144.46,0.0,RECIPIENT_14,True
DEMO_00157,TXN_00005656,2026-01-05 18:11:00,CASH_OUT,25.75,219.47,193.72,0.26,RECIPIENT_04,True
DEMO_00157,TXN_00005657,2026-01-05 19:03:00,TRANSFER,54.34,173.88,119.54,0.0,RECIPIENT_00,True
DEMO_00157,TXN_00005658,2026-01-06 09:33:00,TRANSFER,35.83,138.36,102.54,0.0,RECIPIENT_00,True
DEMO_00157,TXN_00005659,2026-01-06 23:43:00,TRANSFER,23.42,205.44,182.02,0.0,RECIPIENT_04,True
DEMO_00157,TXN_00005660,2026-01-07 09:21:00,CASH_IN,34.25,138.89,173.13,0.0,RECIPIENT_01,True
DEMO_00157,TXN_00005661,2026-01-07 10:46:00,CASH_OUT,53.8,221.37,167.56,0.54,RECIPIENT_03,True
DEMO_00157,TXN_00005662,2026-01-07 17:21:00,PAYMENT,34.73,220.24,185.51,0.0,RECIPIENT_01,True
DEMO_00157,TXN_00005663,2026-01-07 18:23:00,PAYMENT_SEND,43.83,189.37,145.54,0.44,RECIPIENT_13,True
DEMO_00157,TXN_00005664,2026-01-09 16:44:00,CASH_OUT,19.91,227.47,207.56,0.25,RECIPIENT_05,True
DEMO_00157,TXN_00005665,2026-01-10 05:13:00,DEBIT,31.88,235.93,204.05,0.0,RECIPIENT_04,True
DEMO_00157,TXN_00005666,2026-01-10 23:16:00,PAYMENT,31.35,144.76,113.41,0.0,RECIPIENT_04,True
DEMO_00157,TXN_00005667,2026-01-11 04:19:00,PAYMENT_SEND,46.6,236.01,189.42,0.47,RECIPIENT_01,True
DEMO_00157,TXN_00005668,2026-01-11 05:57:00,PAYMENT,19.63,191.44,171.81,0.0,RECIPIENT_02,True
DEMO_00157,TXN_00005669,2026-01-11 15:02:00,TRANSFER,35.13,228.92,193.8,0.0,RECIPIENT_04,True
DEMO_00157,TXN_00005670,2026-01-11 23:06:00,PAYMENT_SEND,42.38,203.84,161.46,0.42,RECIPIENT_14,True
DEMO_00157,TXN_00005671,2026-01-12 14:10:00,DEBIT,26.51,254.89,228.38,0.0,RECIPIENT_03,True
DEMO_00157,TXN_00005672,2026-01-12 23:35:00,CASH_OUT,41.32,151.23,109.91,0.41,RECIPIENT_02,True
DEMO_00157,TXN_00005673,2026-01-15 04:37:00,PAYMENT,15.17,133.19,118.01,0.0,RECIPIENT_00,True
DEMO_00157,TXN_00005674,2026-01-16 06:48:00,PAYMENT_SEND,17.16,177.32,160.16,0.25,RECIPIENT_14,True
DEMO_00157,TXN_00005675,2026-01-17 16:55:00,CASH_IN,26.27,226.1,252.37,0.0,RECIPIENT_04,True
DEMO_00157,TXN_00005676,2026-01-18 05:27:00,CASH_OUT,16.89,153.72,136.84,0.25,RECIPIENT_15,True
DEMO_00157,TXN_00005677,2026-01-18 20:19:00,DEBIT,22.1,139.46,117.36,0.0,RECIPIENT_15,True
DEMO_00157,TXN_00005678,2026-01-20 04:22:00,DEBIT,26.34,154.23,127.89,0.0,RECIPIENT_14,True
DEMO_00157,TXN_00005679,2026-01-20 13:12:00,DEBIT,34.5,222.69,188.18,0.0,RECIPIENT_01,True
DEMO_00157,TXN_00005680,2026-01-21 06:35:00,TRANSFER,42.6,191.93,149.33,0.0,RECIPIENT_14,True
DEMO_00157,TXN_00005681,2026-01-21 16:00:00,CASH_OUT,36.94,180.97,144.02,0.37,RECIPIENT_01,True
DEMO_00157,TXN_00005682,2026-01-22 10:05:00,TRANSFER,36.54,220.9,184.36,0.0,RECIPIENT_06,True
DEMO_00157,TXN_00005683,2026-01-22 13:49:00,TRANSFER,34.94,188.33,153.4,0.0,RECIPIENT_04,True
DEMO_00157,TXN_00005684,2026-01-22 21:33:00,CASH_OUT,26.72,250.2,223.48,0.27,RECIPIENT_09,True
DEMO_00157,TXN_00005685,2026-01-23 12:39:00,DEBIT,42.85,246.15,203.31,0.0,RECIPIENT_10,True
DEMO_00157,TXN_00005686,2026-01-24 05:06:00,DEBIT,21.46,174.46,153.0,0.0,RECIPIENT_17,True
DEMO_00157,TXN_00005687,2026-01-25 02:13:00,TRANSFER,13.87,249.23,235.36,0.0,RECIPIENT_05,True
DEMO_00199,TXN_00007164,2026-01-02 06:57:00,CASH_OUT,21.14,363.4,342.25,0.25,RECIPIENT_12,True
DEMO_00199,TXN_00007165,2026-01-02 15:28:00,DEBIT,19.98,291.67,271.69,0.0,RECIPIENT_16,True
DEMO_00199,TXN_00007166,2026-01-02 23:10:00,TRANSFER,19.63,195.2,175.57,0.0,RECIPIENT_02,True
DEMO_00199,TXN_00007167,2026-01-03 07:34:00,TRANSFER,26.53,262.08,235.54,0.0,RECIPIENT_14,True
DEMO_00199,TXN_00007168,2026-01-03 15:06:00,DEBIT,19.73,360.54,340.81,0.0,RECIPIENT_00,True
DEMO_00199,TXN_00007169,2026-01-04 22:20:00,TRANSFER,17.2,242.04,224.84,0.0,RECIPIENT_07,True
DEMO_00199,TXN_00007170,2026-01-05 08:50:00,DEBIT,6.98,292.56,285.58,0.0,RECIPIENT_10,True
DEMO_00199,TXN_00007171,2026-01-06 13:04:00,DEBIT,19.55,267.83,248.28,0.0,RECIPIENT_02,True
DEMO_00199,TXN_00007172,2026-01-06 23:51:00,CASH_IN,20.05,286.62,306.68,0.0,RECIPIENT_00,True
DEMO_00199,TXN_00007173,2026-01-07 11:09:00,CASH_IN,16.7,212.88,229.58,0.0,RECIPIENT_01,True
DEMO_00199,TXN_00007174,2026-01-07 13:00:00,TRANSFER,29.13,274.54,245.41,0.0,RECIPIENT_00,True
DEMO_00199,TXN_00007175,2026-01-07 21:00:00,DEBIT,19.06,193.71,174.64,0.0,RECIPIENT_03,True
DEMO_00199,TXN_00007176,2026-01-09 04:48:00,TRANSFER,26.69,276.38,249.69,0.0,RECIPIENT_10,True
DEMO_00199,TXN_00007177,2026-01-10 11:48:00,CASH_OUT,21.04,249.79,228.75,0.25,RECIPIENT_04,True
DEMO_00199,TXN_00007178,2026-01-10 19:38:00,DEBIT,20.76,206.93,186.17,0.0,RECIPIENT_01,True
DEMO_00199,TXN_00007179,2026-01-10 20:44:00,TRANSFER,10.03,289.74,279.71,0.0,RECIPIENT_12,True
DEMO_00199,TXN_00007180,2026-01-11 01:58:00,TRANSFER,23.08,194.47,171.39,0.0,RECIPIENT_03,True
DEMO_00199,TXN_00007181,2026-01-11 09:44:00,TRANSFER,26.27,305.17,278.9,0.0,RECIPIENT_02,True
DEMO_00199,TXN_00007182,2026-01-11 17:33:00,TRANSFER,22.25,190.28,168.03,0.0,RECIPIENT_02,True
DEMO_00199,TXN_00007183,2026-01-12 01:22:00,TRANSFER,16.5,279.55,263.05,0.0,RECIPIENT_04,True
DEMO_00199,TXN_00007184,2026-01-12 13:44:00,TRANSFER,30.74,363.32,332.59,0.0,RECIPIENT_02,True
DEMO_00199,TXN_00007185,2026-01-12 18:28:00,CASH_OUT,17.55,389.67,372.11,0.25,RECIPIENT_02,True
DEMO_00199,TXN_00007186,2026-01-13 05:29:00,TRANSFER,17.79,350.98,333.19,0.0,RECIPIENT_00,True
DEMO_00199,TXN_00007187,2026-01-13 20:28:00,DEBIT,16.32,277.25,260.93,0.0,RECIPIENT_04,True
DEMO_00199,TXN_00007188,2026-01-14 04:47:00,TRANSFER,25.95,279.86,253.9,0.0,RECIPIENT_04,True
DEMO_00199,TXN_00007189,2026-01-14 17:37:00,CASH_OUT,32.43,173.23,140.8,0.32,RECIPIENT_00,True
DEMO_00199,TXN_00007190,2026-01-16 04:59:00,TRANSFER,16.29,180.04,163.75,0.0,RECIPIENT_04,True
DEMO_00199,TXN_00007191,2026-01-17 00:24:00,CASH_OUT,19.4,237.06,217.66,0.25,RECIPIENT_02,True
DEMO_00199,TXN_00007192,2026-01-17 17:53:00,PAYMENT_SEND,22.43,301.29,278.85,0.25,RECIPIENT_11,True
DEMO_00199,TXN_00007193,2026-01-18 02:48:00,PAYMENT,34.32,233.86,199.54,0.0,RECIPIENT_04,True
DEMO_00199,TXN_00007194,2026-01-18 10:19:00,CASH_OUT,18.08,203.58,185.5,0.25,RECIPIENT_02,True
DEMO_00199,TXN_00007195,2026-01-18 21:50:00,DEBIT,34.31,278.25,243.94,0.0,RECIPIENT_05,True
DEMO_00199,TXN_00007196,2026-01-19 15:03:00,PAYMENT,26.44,285.85,259.41,0.0,RECIPIENT_00,True
DEMO_00199,TXN_00007197,2026-01-20 05:15:00,DEBIT,34.71,269.43,234.72,0.0,RECIPIENT_12,True
DEMO_00199,TXN_00007198,2026-01-20 18:26:00,CASH_OUT,25.71,342.99,317.28,0.26,RECIPIENT_02,True
DEMO_00199,TXN_00007199,2026-01-21 16:06:00,DEBIT,26.88,221.7,194.82,0.0,RECIPIENT_00,True
DEMO_00252,TXN_00009072,2026-01-01 12:09:00,PAYMENT_SEND,25.98,218.73,192.76,0.26,RECIPIENT_16,True
DEMO_00252,TXN_00009073,2026-01-02 19:28:00,TRANSFER,42.44,197.47,155.03,0.0,RECIPIENT_08,True
DEMO_00252,TXN_00009074,2026-01-03 03:49:00,TRANSFER,25.54,184.69,159.15,0.0,RECIPIENT_03,True
DEMO_00252,TXN_00009075,2026-01-03 08:05:00,CASH_OUT,30.3,177.33,147.03,0.3,RECIPIENT_02,True
DEMO_00252,TXN_00009076,2026-01-03 22:58:00,PAYMENT_SEND,21.01,180.58,159.57,0.25,RECIPIENT_00,True
DEMO_00252,TXN_00009077,2026-01-04 07:47:00,DEBIT,20.88,251.16,230.27,0.0,RECIPIENT_04,True
DEMO_00252,TXN_00009078,2026-01-04 11:52:00,CASH_IN,25.17,185.99,211.16,0.0,RECIPIENT_09,True
DEMO_00252,TXN_00009079,2026-01-06 01:29:00,TRANSFER,35.49,165.77,130.28,0.0,RECIPIENT_00,True
DEMO_00252,TXN_00009080,2026-01-06 03:32:00,DEBIT,8.99,196.86,187.87,0.0,RECIPIENT_08,True
DEMO_00252,TXN_00009081,2026-01-06 14:39:00,CASH_OUT,69.35,154.59,85.24,0.69,RECIPIENT_01,True
DEMO_00252,TXN_00009082,2026-01-07 13:24:00,DEBIT,18.59,314.83,296.23,0.0,RECIPIENT_15,True
DEMO_00252,TXN_00009083,2026-01-08 19:50:00,CASH_OUT,47.46,173.02,125.56,0.47,RECIPIENT_16,True
DEMO_00252,TXN_00009084,2026-01-09 15:12:00,CASH_IN,58.05,131.25,189.3,0.0,RECIPIENT_02,True
DEMO_00252,TXN_00009085,2026-01-10 14:55:00,TRANSFER,50.52,204.57,154.06,0.0,RECIPIENT_08,True
DEMO_00252,TXN_00009086,2026-01-11 12:01:00,CASH_OUT,30.88,208.55,177.67,0.31,RECIPIENT_09,True
DEMO_00252,TXN_00009087,2026-01-12 01:15:00,DEBIT,35.23,138.06,102.83,0.0,RECIPIENT_02,True
DEMO_00252,TXN_00009088,2026-01-12 07:28:00,CASH_OUT,49.87,161.87,112.0,0.5,RECIPIENT_03,True
DEMO_00252,TXN_00009089,2026-01-12 16:42:00,PAYMENT_SEND,51.48,158.7,107.21,0.51,RECIPIENT_10,True
DEMO_00252,TXN_00009090,2026-01-12 21:33:00,DEBIT,34.84,163.78,128.94,0.0,RECIPIENT_04,True
DEMO_00252,TXN_00009091,2026-01-13 11:38:00,DEBIT,21.07,119.31,98.25,0.0,RECIPIENT_03,True
DEMO_00252,TXN_00009092,2026-01-13 17:46:00,CASH_IN,27.14,189.79,216.93,0.0,RECIPIENT_05,True
DEMO_00252,TXN_00009093,2026-01-14 05:09:00,DEBIT,28.54,205.5,176.96,0.0,RECIPIENT_02,True
DEMO_00252,TXN_00009094,2026-01-14 15:35:00,PAYMENT_SEND,20.95,279.52,258.58,0.25,RECIPIENT_00,True
DEMO_00252,TXN_00009095,2026-01-15 07:34:00,TRANSFER,28.98,217.91,188.93,0.0,RECIPIENT_02,True
DEMO_00252,TXN_00009096,2026-01-15 18:55:00,TRANSFER,87.8,171.59,83.79,0.0,RECIPIENT_02,True
DEMO_00252,TXN_00009097,2026-01-16 08:06:00,PAYMENT_SEND,16.99,141.72,124.73,0.25,RECIPIENT_00,True
DEMO_00252,TXN_00009098,2026-01-16 11:42:00,TRANSFER,52.2,153.27,101.07,0.0,RECIPIENT_02,True
DEMO_00252,TXN_00009099,2026-01-16 19:17:00,CASH_OUT,23.65,148.64,124.99,0.25,RECIPIENT_03,True
DEMO_00252,TXN_00009100,2026-01-16 19:25:00,CASH_OUT,42.17,187.55,145.37,0.42,RECIPIENT_07,True
DEMO_00252,TXN_00009102,2026-01-17 00:06:00,CASH_OUT,34.23,111.71,77.49,0.34,RECIPIENT_03,True
DEMO_00252,TXN_00009101,2026-01-17 14:10:00,PAYMENT_SEND,35.47,93.72,58.25,0.35,RECIPIENT_02,True
DEMO_00252,TXN_00009103,2026-01-18 08:56:00,TRANSFER,47.98,130.58,82.6,0.0,RECIPIENT_16,True
DEMO_00252,TXN_00009104,2026-01-18 23:21:00,CASH_IN,35.93,118.21,154.15,0.0,RECIPIENT_04,True
DEMO_00252,TXN_00009105,2026-01-19 12:14:00,PAYMENT,30.91,119.74,88.84,0.0,RECIPIENT_01,True
DEMO_00252,TXN_00009106,2026-01-20 02:26:00,DEBIT,44.69,134.43,89.74,0.0,RECIPIENT_15,True
DEMO_00252,TXN_00009107,2026-01-20 18:28:00,DEBIT,64.42,105.87,41.46,0.0,RECIPIENT_00,True
DEMO_00287,TXN_00010332,2026-01-01 13:22:00,DEBIT,37.87,363.21,325.34,0.0,RECIPIENT_01,True
DEMO_00287,TXN_00010333,2026-01-01 16:41:00,CASH_IN,28.37,246.88,275.25,0.0,RECIPIENT_02,True
DEMO_00287,TXN_00010334,2026-01-02 14:00:00,DEBIT,21.84,264.11,242.27,0.0,RECIPIENT_16,True
DEMO_00287,TXN_00010335,2026-01-04 07:09:00,CASH_OUT,22.79,226.61,203.81,0.25,RECIPIENT_01,True
DEMO_00287,TXN_00010336,2026-01-04 18:23:00,PAYMENT_SEND,19.65,256.92,237.27,0.25,RECIPIENT_16,True
DEMO_00287,TXN_00010337,2026-01-05 09:11:00,PAYMENT_SEND,22.91,389.89,366.99,0.25,RECIPIENT_02,True
DEMO_00287,TXN_00010338,2026-01-05 20:36:00,DEBIT,25.2,220.34,195.14,0.0,RECIPIENT_01,True
DEMO_00287,TXN_00010339,2026-01-06 16:27:00,CASH_OUT,31.04,292.16,261.12,0.31,RECIPIENT_03,True
DEMO_00287,TXN_00010340,2026-01-06 21:08:00,TRANSFER,19.11,206.99,187.88,0.0,RECIPIENT_01,True
DEMO_00287,TXN_00010341,2026-01-07 14:06:00,TRANSFER,16.23,292.83,276.6,0.0,RECIPIENT_01,True
DEMO_00287,TXN_00010342,2026-01-08 01:30:00,DEBIT,23.87,220.98,197.11,0.0,RECIPIENT_00,True
DEMO_00287,TXN_00010343,2026-01-08 23:21:00,DEBIT,36.77,176.76,139.98,0.0,RECIPIENT_01,True
DEMO_00287,TXN_00010344,2026-01-09 20:40:00,TRANSFER,36.7,223.69,186.99,0.0,RECIPIENT_03,True
DEMO_00287,TXN_00010345,2026-01-10 12:15:00,PAYMENT,29.8,193.45,163.66,0.0,RECIPIENT_08,True
DEMO_00287,TXN_00010346,2026-01-10 22:16:00,DEBIT,30.32,362.46,332.14,0.0,RECIPIENT_14,True
DEMO_00287,TXN_00010347,2026-01-11 04:07:00,PAYMENT_SEND,18.05,412.66,394.61,0.25,RECIPIENT_03,True
DEMO_00287,TXN_00010348,2026-01-12 01:05:00,CASH_IN,18.85,356.29,375.14,0.0,RECIPIENT_00,True
DEMO_00287,TXN_00010349,2026-01-12 13:46:00,DEBIT,14.02,198.75,184.73,0.0,RECIPIENT_03,True
DEMO_00287,TXN_00010350,2026-01-13 02:13:00,TRANSFER,23.43,256.4,232.97,0.0,RECIPIENT_14,True
DEMO_00287,TXN_00010351,2026-01-13 11:00:00,PAYMENT,21.56,340.0,318.45,0.0,RECIPIENT_02,True
DEMO_00287,TXN_00010352,2026-01-14 18:53:00,DEBIT,14.42,179.18,164.76,0.0,RECIPIENT_10,True
DEMO_00287,TXN_00010353,2026-01-16 03:45:00,DEBIT,22.42,214.05,191.63,0.0,RECIPIENT_14,True
DEMO_00287,TXN_00010354,2026-01-16 13:06:00,DEBIT,26.55,222.08,195.53,0.0,RECIPIENT_04,True
DEMO_00287,TXN_00010355,2026-01-16 19:42:00,CASH_OUT,33.0,243.2,210.2,0.33,RECIPIENT_07,True
DEMO_00287,TXN_00010356,2026-01-17 05:45:00,PAYMENT_SEND,22.17,262.54,240.37,0.25,RECIPIENT_00,True
DEMO_00287,TXN_00010357,2026-01-17 12:49:00,TRANSFER,19.31,217.03,197.71,0.0,RECIPIENT_13,True
DEMO_00287,TXN_00010358,2026-01-18 05:30:00,CASH_OUT,50.33,219.17,168.85,0.5,RECIPIENT_03,True
DEMO_00287,TXN_00010359,2026-01-18 17:51:00,PAYMENT,13.93,327.53,313.6,0.0,RECIPIENT_13,True
DEMO_00287,TXN_00010360,2026-01-19 14:08:00,DEBIT,39.98,194.71,154.73,0.0,RECIPIENT_00,True
DEMO_00287,TXN_00010361,2026-01-19 23:35:00,TRANSFER,27.45,185.37,157.92,0.0,RECIPIENT_03,True
DEMO_00287,TXN_00010362,2026-01-22 07:45:00,TRANSFER,31.47,209.36,177.89,0.0,RECIPIENT_05,True
DEMO_00287,TXN_00010363,2026-01-22 11:14:00,DEBIT,19.94,166.21,146.27,0.0,RECIPIENT_02,True
DEMO_00287,TXN_00010364,2026-01-22 23:15:00,DEBIT,20.84,216.55,195.71,0.0,RECIPIENT_01,True
DEMO_00287,TXN_00010365,2026-01-25 00:12:00,TRANSFER,19.87,185.85,165.98,0.0,RECIPIENT_02,True
DEMO_00287,TXN_00010366,2026-01-25 20:41:00,PAYMENT,27.25,264.89,237.64,0.0,RECIPIENT_05,True
DEMO_00287,TXN_00010367,2026-01-26 07:23:00,DEBIT,24.82,228.45,203.63,0.0,RECIPIENT_05,True
DEMO_00416,TXN_00014976,2026-01-01 22:49:00,TRANSFER,61.14,109.84,48.7,0.0,RECIPIENT_11,True
DEMO_00416,TXN_00014977,2026-01-02 19:18:00,PAYMENT,59.39,156.45,97.06,0.0,RECIPIENT_15,True
DEMO_00416,TXN_00014978,2026-01-04 12:43:00,TRANSFER,35.59,86.26,50.67,0.0,RECIPIENT_04,True
DEMO_00416,TXN_00014979,2026-01-05 20:31:00,PAYMENT_SEND,33.07,89.06,55.99,0.33,RECIPIENT_00,True
DEMO_00416,TXN_00014980,2026-01-06 22:48:00,CASH_OUT,41.17,135.6,94.43,0.41,RECIPIENT_12,True
DEMO_00416,TXN_00014981,2026-01-07 12:27:00,DEBIT,34.24,123.71,89.47,0.0,RECIPIENT_13,True
DEMO_00416,TXN_00014982,2026-01-08 11:08:00,DEBIT,41.21,116.66,75.45,0.0,RECIPIENT_03,True
DEMO_00416,TXN_00014983,2026-01-08 21:15:00,PAYMENT_SEND,43.03,100.77,57.74,0.43,RECIPIENT_04,True
DEMO_00416,TXN_00014984,2026-01-09 15:49:00,CASH_OUT,37.75,106.62,68.87,0.38,RECIPIENT_10,True
DEMO_00416,TXN_00014985,2026-01-09 19:49:00,DEBIT,24.53,141.21,116.68,0.0,RECIPIENT_13,True
DEMO_00416,TXN_00014986,2026-01-10 11:51:00,CASH_OUT,18.34,186.95,168.61,0.25,RECIPIENT_04,True
DEMO_00416,TXN_00014987,2026-01-10 15:50:00,PAYMENT_SEND,21.08,124.97,103.89,0.25,RECIPIENT_00,True
DEMO_00416,TXN_00014988,2026-01-11 16:56:00,TRANSFER,49.02,169.86,120.83,0.0,RECIPIENT_00,True
DEMO_00416,TXN_00014989,2026-01-12 14:50:00,CASH_OUT,71.87,159.16,87.3,0.72,RECIPIENT_14,True
DEMO_00416,TXN_00014990,2026-01-13 00:41:00,DEBIT,42.44,178.1,135.66,0.0,RECIPIENT_02,True
DEMO_00416,TXN_00014991,2026-01-14 05:15:00,PAYMENT_SEND,59.75,267.81,208.06,0.6,RECIPIENT_00,True
DEMO_00416,TXN_00014992,2026-01-16 08:02:00,TRANSFER,38.09,229.14,191.06,0.0,RECIPIENT_11,True
DEMO_00416,TXN_00014993,2026-01-16 20:28:00,DEBIT,37.23,138.86,101.63,0.0,RECIPIENT_14,True
DEMO_00416,TXN_00014994,2026-01-17 22:20:00,PAYMENT,59.97,136.41,76.45,0.0,RECIPIENT_00,True
DEMO_00416,TXN_00014995,2026-01-18 04:10:00,TRANSFER,28.04,224.78,196.75,0.0,RECIPIENT_15,True
DEMO_00416,TXN_00014996,2026-01-18 20:08:00,CASH_OUT,43.84,158.62,114.78,0.44,RECIPIENT_04,True
DEMO_00416,TXN_00014997,2026-01-19 07:30:00,TRANSFER,10.23,246.77,236.54,0.0,RECIPIENT_04,True
DEMO_00416,TXN_00014998,2026-01-20 05:24:00,CASH_OUT,17.34,161.67,144.33,0.25,RECIPIENT_03,True
DEMO_00416,TXN_00014999,2026-01-20 07:36:00,PAYMENT,21.8,222.55,200.75,0.0,RECIPIENT_01,True
DEMO_00416,TXN_00015000,2026-01-20 12:00:00,DEBIT,13.7,240.07,226.37,0.0,RECIPIENT_04,True
DEMO_00416,TXN_00015001,2026-01-21 15:46:00,DEBIT,15.66,180.28,164.63,0.0,RECIPIENT_00,True
DEMO_00416,TXN_00015002,2026-01-21 21:02:00,DEBIT,14.06,208.19,194.12,0.0,RECIPIENT_12,True
DEMO_00416,TXN_00015003,2026-01-22 08:34:00,TRANSFER,35.42,221.64,186.21,0.0,RECIPIENT_04,True
DEMO_00416,TXN_00015004,2026-01-22 17:52:00,TRANSFER,5.82,203.53,197.71,0.0,RECIPIENT_09,True
DEMO_00416,TXN_00015005,2026-01-23 09:33:00,CASH_OUT,5.13,274.02,268.89,0.25,RECIPIENT_12,True
DEMO_00416,TXN_00015006,2026-01-23 15:55:00,TRANSFER,26.37,233.31,206.94,0.0,RECIPIENT_01,True
DEMO_00416,TXN_00015008,2026-01-25 12:18:00,CASH_OUT,10.7,247.82,237.12,0.25,RECIPIENT_11,True
DEMO_00416,TXN_00015007,2026-01-25 21:22:00,CASH_OUT,10.15,167.82,157.66,0.25,RECIPIENT_11,True
DEMO_00416,TXN_00015009,2026-01-26 19:55:00,DEBIT,16.55,328.96,312.41,0.0,RECIPIENT_02,True
DEMO_00416,TXN_00015010,2026-01-27 17:40:00,TRANSFER,10.07,182.21,172.14,0.0,RECIPIENT_09,True
DEMO_00416,TXN_00015011,2026-01-28 08:54:00,CASH_IN,2.88,154.21,157.09,0.0,RECIPIENT_00,True
DEMO_00443,TXN_00015948,2026-01-01 23:53:00,CASH_OUT,60.91,139.69,78.78,0.61,RECIPIENT_03,True
DEMO_00443,TXN_00015949,2026-01-02 18:48:00,CASH_OUT,30.6,174.75,144.15,0.31,RECIPIENT_06,True
DEMO_00443,TXN_00015950,2026-01-03 12:54:00,PAYMENT_SEND,31.13,91.01,59.89,0.31,RECIPIENT_02,True
DEMO_00443,TXN_00015951,2026-01-03 18:21:00,DEBIT,61.66,164.26,102.61,0.0,RECIPIENT_07,True
DEMO_00443,TXN_00015952,2026-01-03 19:05:00,CASH_OUT,37.66,149.34,111.68,0.38,RECIPIENT_00,True
DEMO_00443,TXN_00015953,2026-01-04 09:42:00,TRANSFER,46.07,165.79,119.73,0.0,RECIPIENT_01,True
DEMO_00443,TXN_00015954,2026-01-04 13:47:00,DEBIT,31.01,155.37,124.36,0.0,RECIPIENT_00,True
DEMO_00443,TXN_00015955,2026-01-05 06:12:00,TRANSFER,49.71,157.75,108.04,0.0,RECIPIENT_00,True
DEMO_00443,TXN_00015956,2026-01-05 19:59:00,DEBIT,40.19,165.76,125.58,0.0,RECIPIENT_02,True
DEMO_00443,TXN_00015957,2026-01-06 07:27:00,TRANSFER,37.05,149.09,112.05,0.0,RECIPIENT_00,True
DEMO_00443,TXN_00015958,2026-01-06 17:20:00,DEBIT,52.67,113.45,60.79,0.0,RECIPIENT_00,True
DEMO_00443,TXN_00015959,2026-01-07 14:19:00,DEBIT,29.4,227.75,198.35,0.0,RECIPIENT_07,True
DEMO_00443,TXN_00015960,2026-01-08 07:35:00,DEBIT,47.26,124.86,77.59,0.0,RECIPIENT_15,True
DEMO_00443,TXN_00015961,2026-01-08 11:38:00,CASH_OUT,18.29,142.63,124.34,0.25,RECIPIENT_08,True
DEMO_00443,TXN_00015962,2026-01-09 01:46:00,DEBIT,48.54,188.25,139.71,0.0,RECIPIENT_02,True
DEMO_00443,TXN_00015963,2026-01-09 14:32:00,CASH_OUT,36.64,213.34,176.7,0.37,RECIPIENT_03,True
DEMO_00443,TXN_00015964,2026-01-10 16:01:00,CASH_OUT,55.62,224.24,168.62,0.56,RECIPIENT_05,True
DEMO_00443,TXN_00015965,2026-01-11 19:57:00,TRANSFER,36.92,260.39,223.47,0.0,RECIPIENT_14,True
DEMO_00443,TXN_00015966,2026-01-12 08:07:00,CASH_OUT,30.92,208.95,178.02,0.31,RECIPIENT_04,True
DEMO_00443,TXN_00015967,2026-01-14 02:00:00,DEBIT,21.92,123.49,101.57,0.0,RECIPIENT_03,True
DEMO_00443,TXN_00015968,2026-01-14 08:37:00,TRANSFER,27.29,264.67,237.38,0.0,RECIPIENT_07,True
DEMO_00443,TXN_00015969,2026-01-14 11:47:00,TRANSFER,29.76,173.83,144.07,0.0,RECIPIENT_01,True
DEMO_00443,TXN_00015970,2026-01-15 17:41:00,TRANSFER,18.14,162.88,144.74,0.0,RECIPIENT_01,True
DEMO_00443,TXN_00015971,2026-01-15 22:35:00,DEBIT,19.34,150.54,131.2,0.0,RECIPIENT_13,True
DEMO_00443,TXN_00015972,2026-01-16 01:55:00,DEBIT,17.78,147.24,129.46,0.0,RECIPIENT_09,True
DEMO_00443,TXN_00015973,2026-01-16 08:11:00,CASH_OUT,19.87,194.42,174.55,0.25,RECIPIENT_03,True
DEMO_00443,TXN_00015974,2026-01-16 16:13:00,PAYMENT_SEND,30.82,183.75,152.93,0.31,RECIPIENT_02,True
DEMO_00443,TXN_00015975,2026-01-16 18:06:00,TRANSFER,32.98,211.19,178.21,0.0,RECIPIENT_05,True
DEMO_00443,TXN_00015976,2026-01-17 03:33:00,DEBIT,38.75,168.28,129.52,0.0,RECIPIENT_02,True
DEMO_00443,TXN_00015977,2026-01-17 10:59:00,DEBIT,48.19,186.13,137.94,0.0,RECIPIENT_06,True
DEMO_00443,TXN_00015979,2026-01-18 00:29:00,DEBIT,21.28,259.85,238.57,0.0,RECIPIENT_16,True
DEMO_00443,TXN_00015980,2026-01-18 09:32:00,CASH_OUT,10.6,196.15,185.55,0.25,RECIPIENT_03,True
DEMO_00443,TXN_00015978,2026-01-18 23:31:00,CASH_OUT,10.01,176.74,166.74,0.25,RECIPIENT_02,True
DEMO_00443,TXN_00015981,2026-01-20 08:26:00,TRANSFER,31.27,212.96,181.69,0.0,RECIPIENT_02,True
DEMO_00443,TXN_00015982,2026-01-21 07:15:00,CASH_IN,12.0,150.4,162.4,0.0,RECIPIENT_04,True
DEMO_00443,TXN_00015983,2026-01-21 10:51:00,DEBIT,7.95,155.47,147.52,0.0,RECIPIENT_02,True
DEMO_00468,TXN_00016849,2026-01-01 00:30:00,CASH_OUT,42.16,107.68,65.52,0.42,RECIPIENT_10,True
DEMO_00468,TXN_00016848,2026-01-01 17:38:00,PAYMENT,34.4,152.63,118.23,0.0,RECIPIENT_09,True
DEMO_00468,TXN_00016850,2026-01-02 11:38:00,DEBIT,47.05,104.0,56.96,0.0,RECIPIENT_00,True
DEMO_00468,TXN_00016851,2026-01-02 17:48:00,CASH_OUT,36.67,129.2,92.53,0.37,RECIPIENT_13,True
DEMO_00468,TXN_00016852,2026-01-03 02:41:00,CASH_IN,40.71,150.31,191.02,0.0,RECIPIENT_04,True
DEMO_00468,TXN_00016853,2026-01-03 13:49:00,CASH_OUT,21.49,149.21,127.71,0.25,RECIPIENT_04,True
DEMO_00468,TXN_00016854,2026-01-04 01:03:00,CASH_OUT,33.22,190.57,157.35,0.33,RECIPIENT_06,True
DEMO_00468,TXN_00016855,2026-01-04 03:07:00,TRANSFER,37.65,217.64,179.99,0.0,RECIPIENT_01,True
DEMO_00468,TXN_00016856,2026-01-04 11:39:00,PAYMENT,40.86,230.9,190.04,0.0,RECIPIENT_08,True
DEMO_00468,TXN_00016857,2026-01-06 00:38:00,TRANSFER,24.68,197.2,172.52,0.0,RECIPIENT_03,True
DEMO_00468,TXN_00016858,2026-01-06 04:16:00,TRANSFER,37.23,150.71,113.48,0.0,RECIPIENT_11,True
DEMO_00468,TXN_00016859,2026-01-06 18:31:00,CASH_OUT,50.03,198.61,148.58,0.5,RECIPIENT_03,True
DEMO_00468,TXN_00016860,2026-01-07 07:46:00,CASH_OUT,28.71,186.02,157.31,0.29,RECIPIENT_15,True
DEMO_00468,TXN_00016861,2026-01-09 03:57:00,CASH_OUT,26.59,134.87,108.28,0.27,RECIPIENT_03,True
DEMO_00468,TXN_00016862,2026-01-09 17:45:00,TRANSFER,18.98,177.5,158.52,0.0,RECIPIENT_00,True
DEMO_00468,TXN_00016863,2026-01-11 04:44:00,TRANSFER,12.31,215.2,202.88,0.0,RECIPIENT_01,True
DEMO_00468,TXN_00016864,2026-01-11 18:15:00,CASH_OUT,36.34,186.69,150.34,0.36,RECIPIENT_00,True
DEMO_00468,TXN_00016865,2026-01-12 02:33:00,CASH_OUT,21.42,239.99,218.57,0.25,RECIPIENT_10,True
DEMO_00468,TXN_00016866,2026-01-12 16:38:00,CASH_IN,26.1,157.97,184.07,0.0,RECIPIENT_02,True
DEMO_00468,TXN_00016867,2026-01-12 21:10:00,PAYMENT_SEND,20.11,196.26,176.15,0.25,RECIPIENT_14,True
DEMO_00468,TXN_00016868,2026-01-13 12:09:00,TRANSFER,32.63,254.47,221.84,0.0,RECIPIENT_00,True
DEMO_00468,TXN_00016869,2026-01-13 21:05:00,PAYMENT_SEND,25.52,181.56,156.03,0.26,RECIPIENT_01,True
DEMO_00468,TXN_00016870,2026-01-14 05:26:00,CASH_OUT,38.58,183.91,145.34,0.39,RECIPIENT_01,True
DEMO_00468,TXN_00016871,2026-01-15 06:12:00,CASH_OUT,31.59,253.68,222.1,0.32,RECIPIENT_06,True
DEMO_00468,TXN_00016872,2026-01-15 16:30:00,DEBIT,16.11,214.61,198.5,0.0,RECIPIENT_14,True
DEMO_00468,TXN_00016873,2026-01-15 18:39:00,CASH_IN,29.19,177.71,206.9,0.0,RECIPIENT_00,True
DEMO_00468,TXN_00016874,2026-01-16 12:25:00,TRANSFER,61.28,205.09,143.8,0.0,RECIPIENT_00,True
DEMO_00468,TXN_00016875,2026-01-17 08:54:00,TRANSFER,32.51,275.76,243.25,0.0,RECIPIENT_03,True
DEMO_00468,TXN_00016876,2026-01-19 09:03:00,DEBIT,19.28,131.27,111.99,0.0,RECIPIENT_15,True
DEMO_00468,TXN_00016877,2026-01-19 22:58:00,CASH_OUT,25.15,213.2,188.06,0.25,RECIPIENT_03,True
DEMO_00468,TXN_00016878,2026-01-20 08:37:00,CASH_IN,18.62,187.1,205.72,0.0,RECIPIENT_04,True
DEMO_00468,TXN_00016879,2026-01-21 02:36:00,TRANSFER,61.94,262.12,200.18,0.0,RECIPIENT_04,True
DEMO_00468,TXN_00016880,2026-01-21 07:25:00,PAYMENT_SEND,49.75,171.69,121.94,0.5,RECIPIENT_14,True
DEMO_00468,TXN_00016881,2026-01-21 15:44:00,TRANSFER,28.41,212.55,184.13,0.0,RECIPIENT_17,True
DEMO_00468,TXN_00016882,2026-01-22 11:02:00,CASH_OUT,29.73,151.24,121.51,0.3,RECIPIENT_04,True
DEMO_00468,TXN_00016883,2026-01-22 21:53:00,PAYMENT,17.13,212.24,195.11,0.0,RECIPIENT_05,True
DEMO_00471,TXN_00016956,2026-01-01 14:47:00,TRANSFER,43.74,278.73,234.99,0.0,RECIPIENT_03,True
DEMO_00471,TXN_00016957,2026-01-01 16:19:00,DEBIT,24.89,265.65,240.76,0.0,RECIPIENT_03,True
DEMO_00471,TXN_00016958,2026-01-02 09:59:00,DEBIT,32.31,177.69,145.38,0.0,RECIPIENT_02,True
DEMO_00471,TXN_00016959,2026-01-03 03:36:00,PAYMENT,17.3,230.69,213.4,0.0,RECIPIENT_03,True
DEMO_00471,TXN_00016960,2026-01-03 12:55:00,TRANSFER,20.95,207.48,186.52,0.0,RECIPIENT_04,True
DEMO_00471,TXN_00016961,2026-01-03 23:37:00,PAYMENT_SEND,22.58,156.79,134.2,0.25,RECIPIENT_04,True
DEMO_00471,TXN_00016962,2026-01-04 06:53:00,CASH_IN,35.6,267.63,303.23,0.0,RECIPIENT_02,True
DEMO_00471,TXN_00016963,2026-01-05 11:16:00,CASH_OUT,29.08,182.82,153.74,0.29,RECIPIENT_08,True
DEMO_00471,TXN_00016964,2026-01-05 19:40:00,TRANSFER,38.23,227.58,189.34,0.0,RECIPIENT_00,True
DEMO_00471,TXN_00016965,2026-01-07 10:04:00,CASH_IN,40.42,243.25,283.67,0.0,RECIPIENT_02,True
DEMO_00471,TXN_00016966,2026-01-07 16:14:00,CASH_IN,22.54,220.79,243.33,0.0,RECIPIENT_07,True
DEMO_00471,TXN_00016967,2026-01-08 15:54:00,PAYMENT,14.18,247.94,233.76,0.0,RECIPIENT_03,True
DEMO_00471,TXN_00016968,2026-01-08 19:52:00,DEBIT,14.73,238.42,223.69,0.0,RECIPIENT_01,True
DEMO_00471,TXN_00016969,2026-01-09 11:36:00,TRANSFER,28.54,204.85,176.31,0.0,RECIPIENT_00,True
DEMO_00471,TXN_00016970,2026-01-09 15:06:00,DEBIT,28.15,249.41,221.26,0.0,RECIPIENT_15,True
DEMO_00471,TXN_00016971,2026-01-09 22:29:00,CASH_OUT,16.02,347.53,331.51,0.25,RECIPIENT_02,True
DEMO_00471,TXN_00016972,2026-01-10 21:47:00,PAYMENT,14.71,285.15,270.44,0.0,RECIPIENT_10,True
DEMO_00471,TXN_00016973,2026-01-11 01:26:00,DEBIT,22.09,235.42,213.33,0.0,RECIPIENT_00,True
DEMO_00471,TXN_00016974,2026-01-12 09:30:00,TRANSFER,41.84,380.48,338.64,0.0,RECIPIENT_16,True
DEMO_00471,TXN_00016975,2026-01-13 07:01:00,DEBIT,11.03,418.56,407.53,0.0,RECIPIENT_03,True
DEMO_00471,TXN_00016976,2026-01-14 03:25:00,CASH_OUT,21.88,295.29,273.41,0.25,RECIPIENT_01,True
DEMO_00471,TXN_00016977,2026-01-15 00:46:00,TRANSFER,21.74,319.75,298.01,0.0,RECIPIENT_01,True
DEMO_00471,TXN_00016978,2026-01-16 10:26:00,TRANSFER,10.8,287.38,276.58,0.0,RECIPIENT_13,True
DEMO_00471,TXN_00016979,2026-01-17 02:12:00,DEBIT,21.18,319.07,297.89,0.0,RECIPIENT_00,True
DEMO_00471,TXN_00016980,2026-01-17 09:34:00,TRANSFER,30.48,246.44,215.96,0.0,RECIPIENT_01,True
DEMO_00471,TXN_00016981,2026-01-18 03:11:00,DEBIT,33.39,393.68,360.3,0.0,RECIPIENT_00,True
DEMO_00471,TXN_00016982,2026-01-18 14:43:00,DEBIT,14.11,387.52,373.41,0.0,RECIPIENT_05,True
DEMO_00471,TXN_00016983,2026-01-19 20:11:00,PAYMENT_SEND,7.04,305.9,298.86,0.25,RECIPIENT_09,True
DEMO_00471,TXN_00016984,2026-01-20 08:16:00,PAYMENT,12.17,325.76,313.59,0.0,RECIPIENT_01,True
DEMO_00471,TXN_00016985,2026-01-21 06:40:00,DEBIT,27.71,322.62,294.91,0.0,RECIPIENT_08,True
DEMO_00471,TXN_00016986,2026-01-21 11:00:00,DEBIT,11.06,360.0,348.94,0.0,RECIPIENT_09,True
DEMO_00471,TXN_00016988,2026-01-22 09:50:00,PAYMENT_SEND,9.34,324.36,315.02,0.25,RECIPIENT_03,True
DEMO_00471,TXN_00016987,2026-01-22 22:17:00,DEBIT,21.7,463.95,442.26,0.0,RECIPIENT_01,True
DEMO_00471,TXN_00016989,2026-01-23 15:25:00,CASH_IN,11.47,258.13,269.6,0.0,RECIPIENT_07,True
DEMO_00471,TXN_00016990,2026-01-24 12:36:00,TRANSFER,2.61,492.37,489.76,0.0,RECIPIENT_02,True
DEMO_00471,TXN_00016991,2026-01-24 16:59:00,DEBIT,9.15,426.19,417.04,0.0,RECIPIENT_02,True
DEMO_00680,TXN_00024480,2026-01-02 10:30:00,DEBIT,37.68,240.91,203.23,0.0,RECIPIENT_01,True
DEMO_00680,TXN_00024481,2026-01-03 10:04:00,DEBIT,32.72,169.25,136.53,0.0,RECIPIENT_01,True
DEMO_00680,TXN_00024482,2026-01-04 08:03:00,PAYMENT_SEND,30.81,179.65,148.84,0.31,RECIPIENT_05,True
DEMO_00680,TXN_00024483,2026-01-05 12:45:00,CASH_OUT,21.96,164.89,142.93,0.25,RECIPIENT_05,True
DEMO_00680,TXN_00024484,2026-01-06 06:54:00,TRANSFER,27.33,206.13,178.8,0.0,RECIPIENT_04,True
DEMO_00680,TXN_00024485,2026-01-06 13:39:00,CASH_OUT,39.34,280.31,240.97,0.39,RECIPIENT_17,True
DEMO_00680,TXN_00024486,2026-01-07 09:11:00,PAYMENT_SEND,27.36,210.83,183.47,0.27,RECIPIENT_05,True
DEMO_00680,TXN_00024487,2026-01-08 09:26:00,PAYMENT_SEND,47.57,274.24,226.67,0.48,RECIPIENT_11,True
DEMO_00680,TXN_00024488,2026-01-09 10:16:00,TRANSFER,37.49,152.66,115.18,0.0,RECIPIENT_14,True
DEMO_00680,TXN_00024489,2026-01-09 18:54:00,CASH_OUT,30.27,188.68,158.41,0.3,RECIPIENT_08,True
DEMO_00680,TXN_00024490,2026-01-09 20:34:00,TRANSFER,29.61,215.42,185.8,0.0,RECIPIENT_00,True
DEMO_00680,TXN_00024491,2026-01-11 05:05:00,CASH_OUT,89.61,164.57,74.96,0.9,RECIPIENT_04,True
DEMO_00680,TXN_00024492,2026-01-11 13:04:00,CASH_OUT,42.17,187.58,145.41,0.42,RECIPIENT_13,True
DEMO_00680,TXN_00024493,2026-01-11 23:04:00,DEBIT,46.79,211.62,164.83,0.0,RECIPIENT_03,True
DEMO_00680,TXN_00024494,2026-01-12 08:32:00,DEBIT,26.49,243.15,216.66,0.0,RECIPIENT_02,True
DEMO_00680,TXN_00024495,2026-01-12 22:59:00,TRANSFER,23.8,233.96,210.16,0.0,RECIPIENT_01,True
DEMO_00680,TXN_00024496,2026-01-13 08:35:00,DEBIT,37.31,140.8,103.48,0.0,RECIPIENT_02,True
DEMO_00680,TXN_00024497,2026-01-13 22:05:00,TRANSFER,22.23,181.0,158.76,0.0,RECIPIENT_02,True
DEMO_00680,TXN_00024498,2026-01-14 04:16:00,TRANSFER,27.3,213.7,186.4,0.0,RECIPIENT_04,True
DEMO_00680,TXN_00024499,2026-01-15 10:08:00,TRANSFER,26.65,170.98,144.33,0.0,RECIPIENT_06,True
DEMO_00680,TXN_00024500,2026-01-16 04:49:00,TRANSFER,20.32,184.76,164.44,0.0,RECIPIENT_01,True
DEMO_00680,TXN_00024501,2026-01-16 18:14:00,TRANSFER,29.11,153.08,123.97,0.0,RECIPIENT_02,True
DEMO_00680,TXN_00024502,2026-01-16 19:17:00,CASH_IN,30.44,129.53,159.98,0.0,RECIPIENT_10,True
DEMO_00680,TXN_00024504,2026-01-17 20:53:00,DEBIT,37.95,334.08,296.13,0.0,RECIPIENT_04,True
DEMO_00680,TXN_00024503,2026-01-17 23:31:00,CASH_OUT,29.67,201.93,172.26,0.3,RECIPIENT_08,True
DEMO_00680,TXN_00024505,2026-01-18 02:49:00,TRANSFER,20.07,136.78,116.71,0.0,RECIPIENT_15,True
DEMO_00680,TXN_00024506,2026-01-18 20:14:00,PAYMENT,27.97,197.64,169.67,0.0,RECIPIENT_02,True
DEMO_00680,TXN_00024507,2026-01-19 06:04:00,CASH_OUT,26.43,276.28,249.85,0.26,RECIPIENT_11,True
DEMO_00680,TXN_00024508,2026-01-19 19:30:00,TRANSFER,35.09,311.44,276.36,0.0,RECIPIENT_01,True
DEMO_00680,TXN_00024509,2026-01-20 05:39:00,TRANSFER,22.44,206.31,183.87,0.0,RECIPIENT_00,True
DEMO_00680,TXN_00024510,2026-01-20 16:32:00,PAYMENT,24.59,176.74,152.16,0.0,RECIPIENT_01,True
DEMO_00680,TXN_00024511,2026-01-21 13:28:00,CASH_OUT,25.09,251.58,226.49,0.25,RECIPIENT_16,True
DEMO_00680,TXN_00024512,2026-01-22 10:54:00,TRANSFER,21.27,266.52,245.25,0.0,RECIPIENT_00,True
DEMO_00680,TXN_00024513,2026-01-23 01:20:00,DEBIT,26.96,337.25,310.29,0.0,RECIPIENT_12,True
DEMO_00680,TXN_00024515,2026-01-24 01:55:00,PAYMENT,19.34,211.66,192.32,0.0,RECIPIENT_16,True
DEMO_00680,TXN_00024514,2026-01-24 22:07:00,PAYMENT,13.07,159.11,146.03,0.0,RECIPIENT_13,True
DEMO_00720,TXN_00025920,2026-01-01 13:36:00,TRANSFER,15.58,274.44,258.86,0.0,RECIPIENT_00,True
DEMO_00720,TXN_00025921,2026-01-02 04:48:00,TRANSFER,21.78,302.16,280.39,0.0,RECIPIENT_13,True
DEMO_00720,TXN_00025922,2026-01-02 12:34:00,PAYMENT_SEND,26.65,225.79,199.15,0.27,RECIPIENT_02,True
DEMO_00720,TXN_00025923,2026-01-03 01:31:00,TRANSFER,17.93,382.05,364.13,0.0,RECIPIENT_10,True
DEMO_00720,TXN_00025924,2026-01-03 11:11:00,PAYMENT,7.59,375.28,367.69,0.0,RECIPIENT_13,True
DEMO_00720,TXN_00025925,2026-01-04 00:46:00,DEBIT,31.48,355.61,324.14,0.0,RECIPIENT_11,True
DEMO_00720,TXN_00025926,2026-01-04 08:24:00,TRANSFER,6.55,186.88,180.34,0.0,RECIPIENT_15,True
DEMO_00720,TXN_00025927,2026-01-05 00:54:00,TRANSFER,13.59,274.46,260.87,0.0,RECIPIENT_16,True
DEMO_00720,TXN_00025928,2026-01-05 04:48:00,CASH_IN,23.38,336.95,360.33,0.0,RECIPIENT_11,True
DEMO_00720,TXN_00025929,2026-01-05 15:12:00,PAYMENT_SEND,10.02,306.34,296.32,0.25,RECIPIENT_01,True
DEMO_00720,TXN_00025931,2026-01-06 00:12:00,DEBIT,7.25,278.37,271.12,0.0,RECIPIENT_03,True
DEMO_00720,TXN_00025930,2026-01-06 23:33:00,DEBIT,27.58,243.07,215.49,0.0,RECIPIENT_08,True
DEMO_00720,TXN_00025932,2026-01-07 02:30:00,TRANSFER,17.8,358.44,340.63,0.0,RECIPIENT_12,True
DEMO_00720,TXN_00025933,2026-01-08 16:58:00,DEBIT,26.97,282.42,255.46,0.0,RECIPIENT_15,True
DEMO_00720,TXN_00025934,2026-01-09 11:44:00,DEBIT,20.47,372.69,352.21,0.0,RECIPIENT_00,True
DEMO_00720,TXN_00025935,2026-01-10 00:16:00,PAYMENT_SEND,26.96,200.97,174.0,0.27,RECIPIENT_14,True
DEMO_00720,TXN_00025936,2026-01-10 08:37:00,PAYMENT_SEND,30.27,237.33,207.06,0.3,RECIPIENT_13,True
DEMO_00720,TXN_00025937,2026-01-10 23:42:00,CASH_OUT,43.79,307.54,263.75,0.44,RECIPIENT_00,True
DEMO_00720,TXN_00025938,2026-01-11 20:40:00,DEBIT,21.17,297.56,276.39,0.0,RECIPIENT_12,True
DEMO_00720,TXN_00025939,2026-01-12 22:15:00,TRANSFER,20.47,298.18,277.71,0.0,RECIPIENT_12,True
DEMO_00720,TXN_00025940,2026-01-13 19:30:00,CASH_OUT,25.64,320.25,294.62,0.26,RECIPIENT_06,True
DEMO_00720,TXN_00025944,2026-01-14 00:47:00,PAYMENT_SEND,26.66,245.55,218.89,0.27,RECIPIENT_02,True
DEMO_00720,TXN_00025941,2026-01-14 02:55:00,TRANSFER,30.15,271.33,241.18,0.0,RECIPIENT_01,True
DEMO_00720,TXN_00025942,2026-01-14 12:59:00,DEBIT,25.26,199.34,174.09,0.0,RECIPIENT_02,True
DEMO_00720,TXN_00025943,2026-01-14 18:07:00,TRANSFER,21.88,254.12,232.25,0.0,RECIPIENT_17,True
DEMO_00720,TXN_00025945,2026-01-15 21:34:00,DEBIT,18.92,202.32,183.39,0.0,RECIPIENT_04,True
DEMO_00720,TXN_00025946,2026-01-16 09:55:00,TRANSFER,30.97,238.45,207.48,0.0,RECIPIENT_16,True
DEMO_00720,TXN_00025947,2026-01-17 07:18:00,DEBIT,14.35,155.63,141.27,0.0,RECIPIENT_00,True
DEMO_00720,TXN_00025948,2026-01-18 07:13:00,DEBIT,17.36,160.89,143.53,0.0,RECIPIENT_00,True
DEMO_00720,TXN_00025949,2026-01-18 22:15:00,PAYMENT,17.55,202.1,184.55,0.0,RECIPIENT_14,True
DEMO_00720,TXN_00025950,2026-01-19 20:25:00,TRANSFER,43.16,305.68,262.52,0.0,RECIPIENT_01,True
DEMO_00720,TXN_00025953,2026-01-20 01:07:00,DEBIT,22.62,133.49,110.86,0.0,RECIPIENT_08,True
DEMO_00720,TXN_00025951,2026-01-20 07:01:00,PAYMENT,16.05,224.35,208.3,0.0,RECIPIENT_03,True
DEMO_00720,TXN_00025952,2026-01-20 21:21:00,TRANSFER,19.33,299.12,279.78,0.0,RECIPIENT_02,True
DEMO_00720,TXN_00025954,2026-01-21 11:13:00,TRANSFER,28.79,238.7,209.91,0.0,RECIPIENT_13,True
DEMO_00720,TXN_00025955,2026-01-21 18:02:00,CASH_OUT,29.08,329.9,300.82,0.29,RECIPIENT_04,True
DEMO_00896,TXN_00032256,2026-01-01 12:07:00,CASH_IN,26.91,314.2,341.11,0.0,RECIPIENT_06,True
DEMO_00896,TXN_00032257,2026-01-03 14:01:00,DEBIT,15.99,325.34,309.35,0.0,RECIPIENT_16,True
DEMO_00896,TXN_00032258,2026-01-03 16:01:00,PAYMENT,16.88,260.12,243.23,0.0,RECIPIENT_02,True
DEMO_00896,TXN_00032259,2026-01-03 22:02:00,TRANSFER,26.04,404.41,378.37,0.0,RECIPIENT_15,True
DEMO_00896,TXN_00032260,2026-01-04 06:56:00,PAYMENT,22.15,491.22,469.08,0.0,RECIPIENT_01,True
DEMO_00896,TXN_00032261,2026-01-04 18:31:00,CASH_IN,14.56,349.43,363.99,0.0,RECIPIENT_14,True
DEMO_00896,TXN_00032262,2026-01-05 05:26:00,PAYMENT,10.02,297.39,287.37,0.0,RECIPIENT_09,True
DEMO_00896,TXN_00032263,2026-01-05 14:46:00,CASH_OUT,14.62,349.53,334.92,0.25,RECIPIENT_03,True
DEMO_00896,TXN_00032265,2026-01-06 06:54:00,PAYMENT,15.24,260.69,245.45,0.0,RECIPIENT_02,True
DEMO_00896,TXN_00032264,2026-01-06 23:03:00,CASH_OUT,33.56,377.48,343.92,0.34,RECIPIENT_02,True
DEMO_00896,TXN_00032266,2026-01-07 00:36:00,DEBIT,11.34,175.52,164.17,0.0,RECIPIENT_02,True
DEMO_00896,TXN_00032267,2026-01-07 11:32:00,DEBIT,16.53,350.75,334.22,0.0,RECIPIENT_13,True
DEMO_00896,TXN_00032268,2026-01-07 14:59:00,PAYMENT,23.11,342.96,319.85,0.0,RECIPIENT_02,True
DEMO_00896,TXN_00032269,2026-01-08 01:35:00,PAYMENT,21.09,346.34,325.25,0.0,RECIPIENT_11,True
DEMO_00896,TXN_00032270,2026-01-08 15:58:00,CASH_OUT,21.04,443.36,422.32,0.25,RECIPIENT_05,True
DEMO_00896,TXN_00032271,2026-01-11 03:42:00,TRANSFER,20.01,238.33,218.32,0.0,RECIPIENT_01,True
DEMO_00896,TXN_00032272,2026-01-11 12:24:00,TRANSFER,16.44,396.81,380.37,0.0,RECIPIENT_00,True
DEMO_00896,TXN_00032273,2026-01-12 09:16:00,TRANSFER,19.88,383.63,363.75,0.0,RECIPIENT_00,True
DEMO_00896,TXN_00032274,2026-01-13 09:27:00,DEBIT,16.82,275.37,258.55,0.0,RECIPIENT_14,True
DEMO_00896,TXN_00032275,2026-01-13 18:35:00,DEBIT,13.77,282.62,268.85,0.0,RECIPIENT_11,True
DEMO_00896,TXN_00032276,2026-01-14 20:05:00,PAYMENT,14.89,300.67,285.78,0.0,RECIPIENT_04,True
DEMO_00896,TXN_00032277,2026-01-15 17:20:00,DEBIT,29.74,284.68,254.94,0.0,RECIPIENT_10,True
DEMO_00896,TXN_00032278,2026-01-16 16:10:00,CASH_IN,26.54,193.53,220.07,0.0,RECIPIENT_01,True
DEMO_00896,TXN_00032279,2026-01-16 22:41:00,DEBIT,13.49,301.7,288.21,0.0,RECIPIENT_12,True
DEMO_00896,TXN_00032280,2026-01-18 23:19:00,DEBIT,33.71,342.59,308.88,0.0,RECIPIENT_05,True
DEMO_00896,TXN_00032281,2026-01-19 20:12:00,TRANSFER,26.98,399.42,372.44,0.0,RECIPIENT_04,True
DEMO_00896,TXN_00032282,2026-01-20 02:13:00,TRANSFER,39.02,261.23,222.2,0.0,RECIPIENT_04,True
DEMO_00896,TXN_00032283,2026-01-20 11:23:00,TRANSFER,17.69,341.81,324.12,0.0,RECIPIENT_01,True
DEMO_00896,TXN_00032284,2026-01-21 02:47:00,CASH_OUT,17.52,221.93,204.42,0.25,RECIPIENT_00,True
DEMO_00896,TXN_00032285,2026-01-21 18:28:00,TRANSFER,24.46,245.02,220.55,0.0,RECIPIENT_00,True
DEMO_00896,TXN_00032286,2026-01-22 15:09:00,PAYMENT_SEND,32.03,195.22,163.19,0.32,RECIPIENT_04,True
DEMO_00896,TXN_00032287,2026-01-23 09:30:00,TRANSFER,23.05,307.96,284.9,0.0,RECIPIENT_04,True
DEMO_00896,TXN_00032288,2026-01-23 16:35:00,CASH_OUT,17.06,232.22,215.16,0.25,RECIPIENT_09,True
DEMO_00896,TXN_00032289,2026-01-24 20:42:00,TRANSFER,37.4,322.92,285.52,0.0,RECIPIENT_02,True
DEMO_00896,TXN_00032290,2026-01-26 02:10:00,CASH_OUT,23.8,221.28,197.49,0.25,RECIPIENT_04,True
DEMO_00896,TXN_00032291,2026-01-26 21:27:00,CASH_IN,19.46,313.53,332.99,0.0,RECIPIENT_00,True
DEMO_00944,TXN_00033984,2026-01-01 10:17:00,DEBIT,13.32,222.82,209.5,0.0,RECIPIENT_03,True
DEMO_00944,TXN_00033985,2026-01-02 09:11:00,TRANSFER,14.4,275.94,261.54,0.0,RECIPIENT_09,True
DEMO_00944,TXN_00033986,2026-01-04 19:14:00,CASH_OUT,14.03,292.11,278.08,0.25,RECIPIENT_00,True
DEMO_00944,TXN_00033987,2026-01-05 02:46:00,CASH_IN,17.38,231.39,248.77,0.0,RECIPIENT_16,True
DEMO_00944,TXN_00033988,2026-01-05 07:45:00,TRANSFER,18.86,263.79,244.93,0.0,RECIPIENT_01,True
DEMO_00944,TXN_00033989,2026-01-06 04:05:00,TRANSFER,16.0,243.58,227.58,0.0,RECIPIENT_01,True
DEMO_00944,TXN_00033990,2026-01-06 18:39:00,PAYMENT_SEND,12.02,343.85,331.83,0.25,RECIPIENT_10,True
DEMO_00944,TXN_00033991,2026-01-07 18:34:00,TRANSFER,26.93,348.65,321.72,0.0,RECIPIENT_00,True
DEMO_00944,TXN_00033992,2026-01-10 10:15:00,DEBIT,22.73,268.98,246.25,0.0,RECIPIENT_00,True
DEMO_00944,TXN_00033993,2026-01-10 14:48:00,TRANSFER,22.95,232.76,209.81,0.0,RECIPIENT_15,True
DEMO_00944,TXN_00033994,2026-01-11 04:21:00,TRANSFER,38.38,167.43,129.05,0.0,RECIPIENT_04,True
DEMO_00944,TXN_00033995,2026-01-11 06:56:00,TRANSFER,18.15,316.37,298.22,0.0,RECIPIENT_02,True
DEMO_00944,TXN_00033996,2026-01-11 13:19:00,CASH_OUT,10.58,178.02,167.44,0.25,RECIPIENT_08,True
DEMO_00944,TXN_00033997,2026-01-11 14:34:00,DEBIT,11.3,149.02,137.72,0.0,RECIPIENT_03,True
DEMO_00944,TXN_00033998,2026-01-12 07:43:00,DEBIT,21.6,335.41,313.81,0.0,RECIPIENT_01,True
DEMO_00944,TXN_00033999,2026-01-12 17:27:00,DEBIT,17.72,208.53,190.81,0.0,RECIPIENT_15,True
DEMO_00944,TXN_00034000,2026-01-13 06:52:00,CASH_OUT,31.11,187.51,156.4,0.31,RECIPIENT_04,True
DEMO_00944,TXN_00034001,2026-01-13 21:31:00,TRANSFER,19.06,188.0,168.94,0.0,RECIPIENT_11,True
DEMO_00944,TXN_00034002,2026-01-14 08:51:00,PAYMENT_SEND,32.3,397.79,365.49,0.32,RECIPIENT_08,True
DEMO_00944,TXN_00034003,2026-01-14 12:51:00,PAYMENT,23.34,256.72,233.38,0.0,RECIPIENT_03,True
DEMO_00944,TXN_00034004,2026-01-14 18:19:00,CASH_OUT,16.04,284.33,268.28,0.25,RECIPIENT_02,True
DEMO_00944,TXN_00034005,2026-01-15 04:31:00,PAYMENT_SEND,35.84,220.43,184.59,0.36,RECIPIENT_02,True
DEMO_00944,TXN_00034006,2026-01-15 12:12:00,TRANSFER,25.99,221.49,195.51,0.0,RECIPIENT_04,True
DEMO_00944,TXN_00034007,2026-01-16 14:13:00,CASH_IN,26.39,219.52,245.91,0.0,RECIPIENT_17,True
DEMO_00944,TXN_00034008,2026-01-16 19:46:00,DEBIT,55.85,221.55,165.71,0.0,RECIPIENT_11,True
DEMO_00944,TXN_00034009,2026-01-16 22:10:00,PAYMENT_SEND,15.96,210.18,194.21,0.25,RECIPIENT_00,True
DEMO_00944,TXN_00034010,2026-01-17 15:28:00,DEBIT,57.08,201.37,144.29,0.0,RECIPIENT_03,True
DEMO_00944,TXN_00034011,2026-01-18 09:22:00,CASH_IN,19.11,242.39,261.49,0.0,RECIPIENT_12,True
DEMO_00944,TXN_00034012,2026-01-18 18:02:00,TRANSFER,16.1,182.88,166.77,0.0,RECIPIENT_02,True
DEMO_00944,TXN_00034013,2026-01-19 03:17:00,DEBIT,55.83,183.47,127.63,0.0,RECIPIENT_01,True
DEMO_00944,TXN_00034014,2026-01-19 23:02:00,TRANSFER,24.37,187.38,163.0,0.0,RECIPIENT_09,True
DEMO_00944,TXN_00034015,2026-01-20 04:07:00,DEBIT,24.39,161.33,136.94,0.0,RECIPIENT_02,True
DEMO_00944,TXN_00034016,2026-01-20 18:33:00,DEBIT,31.1,157.15,126.05,0.0,RECIPIENT_02,True
DEMO_00944,TXN_00034017,2026-01-21 10:29:00,CASH_OUT,26.27,164.28,138.0,0.26,RECIPIENT_03,True
DEMO_00944,TXN_00034019,2026-01-22 02:21:00,DEBIT,30.34,180.93,150.59,0.0,RECIPIENT_08,True
DEMO_00944,TXN_00034018,2026-01-22 03:40:00,TRANSFER,31.67,169.18,137.51,0.0,RECIPIENT_14,True
DEMO_01128,TXN_00040608,2026-01-02 04:59:00,TRANSFER,19.85,304.55,284.7,0.0,RECIPIENT_01,True
DEMO_01128,TXN_00040609,2026-01-02 21:25:00,PAYMENT,21.64,203.9,182.26,0.0,RECIPIENT_04,True
DEMO_01128,TXN_00040610,2026-01-03 08:10:00,DEBIT,20.74,314.04,293.3,0.0,RECIPIENT_09,True
DEMO_01128,TXN_00040611,2026-01-03 17:59:00,TRANSFER,11.11,293.43,282.32,0.0,RECIPIENT_13,True
DEMO_01128,TXN_00040612,2026-01-03 21:07:00,TRANSFER,16.07,369.8,353.73,0.0,RECIPIENT_02,True
DEMO_01128,TXN_00040613,2026-01-04 07:15:00,CASH_IN,31.39,358.47,389.85,0.0,RECIPIENT_11,True
DEMO_01128,TXN_00040614,2026-01-04 19:34:00,TRANSFER,14.16,185.18,171.02,0.0,RECIPIENT_04,True
DEMO_01128,TXN_00040615,2026-01-04 20:11:00,TRANSFER,20.15,359.79,339.64,0.0,RECIPIENT_04,True
DEMO_01128,TXN_00040616,2026-01-05 03:05:00,CASH_OUT,33.07,298.14,265.07,0.33,RECIPIENT_00,True
DEMO_01128,TXN_00040617,2026-01-06 00:31:00,TRANSFER,23.08,290.47,267.39,0.0,RECIPIENT_08,True
DEMO_01128,TXN_00040618,2026-01-06 06:56:00,TRANSFER,20.41,334.26,313.84,0.0,RECIPIENT_12,True
DEMO_01128,TXN_00040619,2026-01-06 11:08:00,TRANSFER,14.08,295.72,281.64,0.0,RECIPIENT_01,True
DEMO_01128,TXN_00040620,2026-01-08 05:29:00,TRANSFER,15.34,323.99,308.65,0.0,RECIPIENT_17,True
DEMO_01128,TXN_00040621,2026-01-09 02:03:00,CASH_OUT,23.71,191.24,167.54,0.25,RECIPIENT_02,True
DEMO_01128,TXN_00040622,2026-01-09 10:31:00,PAYMENT_SEND,19.58,371.48,351.89,0.25,RECIPIENT_04,True
DEMO_01128,TXN_00040623,2026-01-09 18:02:00,TRANSFER,16.02,420.3,404.28,0.0,RECIPIENT_03,True
DEMO_01128,TXN_00040624,2026-01-11 00:19:00,DEBIT,25.48,322.84,297.36,0.0,RECIPIENT_02,True
DEMO_01128,TXN_00040625,2026-01-12 10:04:00,TRANSFER,41.02,249.74,208.72,0.0,RECIPIENT_05,True
DEMO_01128,TXN_00040626,2026-01-13 04:11:00,DEBIT,19.37,272.99,253.62,0.0,RECIPIENT_00,True
DEMO_01128,TXN_00040627,2026-01-13 18:21:00,TRANSFER,26.96,340.4,313.44,0.0,RECIPIENT_14,True
DEMO_01128,TXN_00040628,2026-01-13 23:13:00,CASH_OUT,44.82,185.25,140.42,0.45,RECIPIENT_02,True
DEMO_01128,TXN_00040629,2026-01-14 03:16:00,TRANSFER,30.02,310.18,280.16,0.0,RECIPIENT_02,True
DEMO_01128,TXN_00040630,2026-01-15 00:18:00,DEBIT,25.25,384.62,359.36,0.0,RECIPIENT_17,True
DEMO_01128,TXN_00040631,2026-01-15 11:05:00,CASH_OUT,25.06,324.85,299.78,0.25,RECIPIENT_11,True
DEMO_01128,TXN_00040632,2026-01-16 09:15:00,CASH_IN,30.88,260.24,291.12,0.0,RECIPIENT_08,True
DEMO_01128,TXN_00040633,2026-01-16 23:32:00,TRANSFER,22.87,220.48,197.62,0.0,RECIPIENT_10,True
DEMO_01128,TXN_00040634,2026-01-17 17:02:00,DEBIT,16.2,261.3,245.1,0.0,RECIPIENT_01,True
DEMO_01128,TXN_00040635,2026-01-18 07:39:00,CASH_OUT,53.41,192.27,138.86,0.53,RECIPIENT_02,True
DEMO_01128,TXN_00040638,2026-01-19 00:59:00,TRANSFER,18.81,222.92,204.12,0.0,RECIPIENT_04,True
DEMO_01128,TXN_00040636,2026-01-19 06:54:00,PAYMENT,27.66,297.58,269.92,0.0,RECIPIENT_01,True
DEMO_01128,TXN_00040637,2026-01-19 22:13:00,CASH_IN,20.24,340.02,360.26,0.0,RECIPIENT_02,True
DEMO_01128,TXN_00040639,2026-01-20 20:38:00,CASH_OUT,27.57,237.5,209.93,0.28,RECIPIENT_01,True
DEMO_01128,TXN_00040640,2026-01-21 04:02:00,TRANSFER,27.96,241.06,213.1,0.0,RECIPIENT_17,True
DEMO_01128,TXN_00040642,2026-01-22 00:12:00,CASH_IN,24.61,334.34,358.95,0.0,RECIPIENT_02,True
DEMO_01128,TXN_00040641,2026-01-22 09:21:00,TRANSFER,25.76,198.3,172.53,0.0,RECIPIENT_04,True
DEMO_01128,TXN_00040643,2026-01-24 06:01:00,TRANSFER,27.56,205.81,178.25,0.0,RECIPIENT_00,True
DEMO_01196,TXN_00043056,2026-01-01 20:41:00,CASH_OUT,14.87,344.32,329.45,0.25,RECIPIENT_02,True
DEMO_01196,TXN_00043057,2026-01-02 04:44:00,CASH_IN,21.3,423.12,444.43,0.0,RECIPIENT_03,True
DEMO_01196,TXN_00043058,2026-01-02 22:04:00,DEBIT,10.45,295.38,284.93,0.0,RECIPIENT_02,True
DEMO_01196,TXN_00043059,2026-01-03 09:49:00,PAYMENT_SEND,20.05,348.98,328.93,0.25,RECIPIENT_02,True
DEMO_01196,TXN_00043060,2026-01-04 15:08:00,PAYMENT_SEND,14.01,353.27,339.25,0.25,RECIPIENT_04,True
DEMO_01196,TXN_00043061,2026-01-05 14:53:00,DEBIT,22.64,343.46,320.82,0.0,RECIPIENT_03,True
DEMO_01196,TXN_00043062,2026-01-06 00:54:00,PAYMENT,20.05,346.84,326.79,0.0,RECIPIENT_04,True
DEMO_01196,TXN_00043063,2026-01-07 01:15:00,DEBIT,22.33,329.58,307.25,0.0,RECIPIENT_00,True
DEMO_01196,TXN_00043064,2026-01-07 07:19:00,CASH_IN,11.64,477.19,488.83,0.0,RECIPIENT_13,True
DEMO_01196,TXN_00043065,2026-01-08 05:31:00,TRANSFER,27.64,242.22,214.58,0.0,RECIPIENT_01,True
DEMO_01196,TXN_00043066,2026-01-09 01:08:00,CASH_OUT,14.74,298.51,283.77,0.25,RECIPIENT_03,True
DEMO_01196,TXN_00043067,2026-01-09 11:59:00,TRANSFER,28.38,364.91,336.52,0.0,RECIPIENT_09,True
DEMO_01196,TXN_00043068,2026-01-10 13:31:00,TRANSFER,13.98,517.66,503.69,0.0,RECIPIENT_09,True
DEMO_01196,TXN_00043069,2026-01-10 14:51:00,PAYMENT_SEND,21.58,461.27,439.69,0.25,RECIPIENT_02,True
DEMO_01196,TXN_00043070,2026-01-10 17:30:00,CASH_OUT,16.67,410.76,394.09,0.25,RECIPIENT_01,True
DEMO_01196,TXN_00043071,2026-01-11 16:20:00,TRANSFER,22.62,420.36,397.74,0.0,RECIPIENT_00,True
DEMO_01196,TXN_00043072,2026-01-12 04:25:00,TRANSFER,15.76,335.85,320.09,0.0,RECIPIENT_01,True
DEMO_01196,TXN_00043073,2026-01-12 17:51:00,TRANSFER,13.16,444.96,431.81,0.0,RECIPIENT_02,True
DEMO_01196,TXN_00043074,2026-01-14 16:43:00,DEBIT,20.1,579.55,559.44,0.0,RECIPIENT_02,True
DEMO_01196,TXN_00043075,2026-01-16 06:43:00,TRANSFER,15.86,426.59,410.73,0.0,RECIPIENT_00,True
DEMO_01196,TXN_00043076,2026-01-16 19:04:00,TRANSFER,16.13,315.71,299.58,0.0,RECIPIENT_03,True
DEMO_01196,TXN_00043077,2026-01-17 03:23:00,PAYMENT_SEND,19.43,280.41,260.98,0.25,RECIPIENT_12,True
DEMO_01196,TXN_00043078,2026-01-17 19:49:00,CASH_OUT,20.78,260.56,239.78,0.25,RECIPIENT_01,True
DEMO_01196,TXN_00043079,2026-01-18 06:29:00,DEBIT,21.37,299.99,278.62,0.0,RECIPIENT_11,True
DEMO_01196,TXN_00043080,2026-01-18 20:55:00,PAYMENT_SEND,29.13,316.86,287.72,0.29,RECIPIENT_01,True
DEMO_01196,TXN_00043081,2026-01-19 09:42:00,TRANSFER,21.9,408.72,386.82,0.0,RECIPIENT_11,True
DEMO_01196,TXN_00043082,2026-01-20 00:14:00,DEBIT,33.24,462.89,429.65,0.0,RECIPIENT_02,True
DEMO_01196,TXN_00043083,2026-01-20 08:40:00,CASH_IN,20.71,287.52,308.23,0.0,RECIPIENT_04,True
DEMO_01196,TXN_00043084,2026-01-20 22:45:00,PAYMENT,8.91,306.11,297.2,0.0,RECIPIENT_03,True
DEMO_01196,TXN_00043085,2026-01-21 14:29:00,DEBIT,13.95,288.45,274.5,0.0,RECIPIENT_03,True
DEMO_01196,TXN_00043086,2026-01-23 01:08:00,PAYMENT_SEND,26.59,328.96,302.37,0.27,RECIPIENT_02,True
DEMO_01196,TXN_00043087,2026-01-23 14:55:00,CASH_OUT,18.7,280.73,262.03,0.25,RECIPIENT_00,True
DEMO_01196,TXN_00043088,2026-01-23 21:40:00,CASH_IN,22.32,429.79,452.11,0.0,RECIPIENT_00,True
DEMO_01196,TXN_00043089,2026-01-24 07:30:00,CASH_OUT,28.82,258.05,229.22,0.29,RECIPIENT_04,True
DEMO_01196,TXN_00043090,2026-01-25 08:15:00,PAYMENT,25.22,476.94,451.72,0.0,RECIPIENT_09,True
DEMO_01196,TXN_00043091,2026-01-26 04:24:00,CASH_IN,26.2,360.08,386.28,0.0,RECIPIENT_14,True
DEMO_01438,TXN_00051768,2026-01-02 04:58:00,CASH_OUT,12.0,242.08,230.09,0.25,RECIPIENT_03,True
DEMO_01438,TXN_00051769,2026-01-02 11:59:00,CASH_OUT,12.81,453.1,440.29,0.25,RECIPIENT_00,True
DEMO_01438,TXN_00051770,2026-01-04 05:40:00,TRANSFER,27.87,302.03,274.16,0.0,RECIPIENT_04,True
DEMO_01438,TXN_00051771,2026-01-05 08:20:00,TRANSFER,14.95,396.24,381.29,0.0,RECIPIENT_01,True
DEMO_01438,TXN_00051772,2026-01-05 18:41:00,DEBIT,24.78,291.51,266.73,0.0,RECIPIENT_03,True
DEMO_01438,TXN_00051773,2026-01-06 06:46:00,CASH_OUT,11.96,383.12,371.16,0.25,RECIPIENT_16,True
DEMO_01438,TXN_00051774,2026-01-07 04:55:00,PAYMENT,19.59,325.99,306.39,0.0,RECIPIENT_03,True
DEMO_01438,TXN_00051775,2026-01-07 18:24:00,TRANSFER,22.96,439.79,416.84,0.0,RECIPIENT_04,True
DEMO_01438,TXN_00051776,2026-01-09 09:02:00,CASH_OUT,10.16,305.54,295.38,0.25,RECIPIENT_14,True
DEMO_01438,TXN_00051777,2026-01-09 16:13:00,TRANSFER,29.68,304.55,274.86,0.0,RECIPIENT_07,True
DEMO_01438,TXN_00051778,2026-01-10 00:39:00,CASH_OUT,12.05,350.81,338.76,0.25,RECIPIENT_14,True
DEMO_01438,TXN_00051779,2026-01-10 10:42:00,TRANSFER,23.16,261.97,238.81,0.0,RECIPIENT_12,True
DEMO_01438,TXN_00051780,2026-01-10 16:29:00,TRANSFER,16.31,347.91,331.6,0.0,RECIPIENT_16,True
DEMO_01438,TXN_00051781,2026-01-10 18:09:00,PAYMENT_SEND,13.56,423.85,410.29,0.25,RECIPIENT_11,True
DEMO_01438,TXN_00051782,2026-01-11 06:57:00,PAYMENT,16.01,436.85,420.84,0.0,RECIPIENT_00,True
DEMO_01438,TXN_00051783,2026-01-11 20:54:00,TRANSFER,14.65,320.14,305.49,0.0,RECIPIENT_08,True
DEMO_01438,TXN_00051784,2026-01-12 09:40:00,CASH_OUT,26.63,298.85,272.22,0.27,RECIPIENT_04,True
DEMO_01438,TXN_00051785,2026-01-13 00:49:00,DEBIT,9.5,305.44,295.94,0.0,RECIPIENT_02,True
DEMO_01438,TXN_00051786,2026-01-13 09:20:00,TRANSFER,14.46,436.87,422.42,0.0,RECIPIENT_15,True
DEMO_01438,TXN_00051787,2026-01-14 02:45:00,DEBIT,26.78,406.63,379.85,0.0,RECIPIENT_00,True
DEMO_01438,TXN_00051788,2026-01-14 10:42:00,TRANSFER,15.26,407.58,392.32,0.0,RECIPIENT_03,True
DEMO_01438,TXN_00051789,2026-01-14 22:56:00,TRANSFER,20.13,271.62,251.49,0.0,RECIPIENT_00,True
DEMO_01438,TXN_00051790,2026-01-15 12:24:00,TRANSFER,13.79,283.75,269.96,0.0,RECIPIENT_17,True
DEMO_01438,TXN_00051791,2026-01-16 00:04:00,TRANSFER,21.99,285.11,263.12,0.0,RECIPIENT_02,True
DEMO_01438,TXN_00051792,2026-01-17 07:56:00,TRANSFER,12.72,280.15,267.43,0.0,RECIPIENT_00,True
DEMO_01438,TXN_00051793,2026-01-17 18:48:00,TRANSFER,18.9,465.14,446.24,0.0,RECIPIENT_01,True
DEMO_01438,TXN_00051794,2026-01-17 20:01:00,PAYMENT,14.59,421.11,406.52,0.0,RECIPIENT_09,True
DEMO_01438,TXN_00051795,2026-01-19 01:41:00,PAYMENT_SEND,15.35,266.81,251.45,0.25,RECIPIENT_07,True
DEMO_01438,TXN_00051796,2026-01-19 16:59:00,PAYMENT,21.24,248.39,227.15,0.0,RECIPIENT_17,True
DEMO_01438,TXN_00051797,2026-01-20 02:33:00,PAYMENT,20.97,240.66,219.69,0.0,RECIPIENT_02,True
DEMO_01438,TXN_00051798,2026-01-20 11:45:00,PAYMENT_SEND,13.6,264.71,251.11,0.25,RECIPIENT_04,True
DEMO_01438,TXN_00051799,2026-01-22 02:01:00,PAYMENT_SEND,25.36,395.07,369.71,0.25,RECIPIENT_09,True
DEMO_01438,TXN_00051800,2026-01-22 14:10:00,TRANSFER,11.88,511.7,499.81,0.0,RECIPIENT_01,True
DEMO_01438,TXN_00051801,2026-01-23 16:20:00,TRANSFER,33.18,439.48,406.3,0.0,RECIPIENT_16,True
DEMO_01438,TXN_00051802,2026-01-24 12:27:00,TRANSFER,15.13,331.38,316.24,0.0,RECIPIENT_03,True
DEMO_01438,TXN_00051803,2026-01-25 11:02:00,PAYMENT_SEND,14.25,345.28,331.03,0.25,RECIPIENT_03,True
DEMO_01451,TXN_00052236,2026-01-01 13:59:00,TRANSFER,17.68,403.82,386.14,0.0,RECIPIENT_14,True
DEMO_01451,TXN_00052237,2026-01-01 17:37:00,TRANSFER,15.41,240.17,224.76,0.0,RECIPIENT_00,True
DEMO_01451,TXN_00052238,2026-01-01 20:54:00,DEBIT,8.69,212.1,203.41,0.0,RECIPIENT_01,True
DEMO_01451,TXN_00052239,2026-01-02 00:07:00,PAYMENT,20.57,242.37,221.8,0.0,RECIPIENT_01,True
DEMO_01451,TXN_00052240,2026-01-02 08:05:00,TRANSFER,27.79,233.27,205.48,0.0,RECIPIENT_01,True
DEMO_01451,TXN_00052241,2026-01-03 03:11:00,CASH_OUT,36.6,280.7,244.1,0.37,RECIPIENT_16,True
DEMO_01451,TXN_00052242,2026-01-03 21:53:00,CASH_OUT,24.15,174.62,150.47,0.25,RECIPIENT_13,True
DEMO_01451,TXN_00052243,2026-01-04 12:58:00,CASH_OUT,30.97,162.74,131.78,0.31,RECIPIENT_02,True
DEMO_01451,TXN_00052244,2026-01-05 23:03:00,TRANSFER,33.62,206.43,172.81,0.0,RECIPIENT_04,True
DEMO_01451,TXN_00052245,2026-01-06 05:00:00,PAYMENT_SEND,21.82,175.8,153.98,0.25,RECIPIENT_00,True
DEMO_01451,TXN_00052246,2026-01-07 00:50:00,CASH_OUT,39.17,224.63,185.46,0.39,RECIPIENT_14,True
DEMO_01451,TXN_00052247,2026-01-07 06:31:00,CASH_OUT,36.06,306.44,270.39,0.36,RECIPIENT_06,True
DEMO_01451,TXN_00052248,2026-01-07 15:35:00,DEBIT,29.7,245.89,216.19,0.0,RECIPIENT_00,True
DEMO_01451,TXN_00052249,2026-01-08 00:50:00,CASH_OUT,31.4,180.94,149.54,0.31,RECIPIENT_02,True
DEMO_01451,TXN_00052250,2026-01-09 01:21:00,TRANSFER,36.85,175.64,138.8,0.0,RECIPIENT_04,True
DEMO_01451,TXN_00052251,2026-01-09 12:43:00,TRANSFER,29.64,303.48,273.84,0.0,RECIPIENT_15,True
DEMO_01451,TXN_00052252,2026-01-10 13:00:00,DEBIT,38.73,211.82,173.09,0.0,RECIPIENT_16,True
DEMO_01451,TXN_00052253,2026-01-11 03:02:00,DEBIT,48.01,285.24,237.23,0.0,RECIPIENT_09,True
DEMO_01451,TXN_00052254,2026-01-11 16:47:00,DEBIT,33.32,321.22,287.9,0.0,RECIPIENT_06,True
DEMO_01451,TXN_00052255,2026-01-12 03:39:00,CASH_IN,18.32,246.47,264.79,0.0,RECIPIENT_00,True
DEMO_01451,TXN_00052256,2026-01-12 18:09:00,DEBIT,48.89,212.73,163.84,0.0,RECIPIENT_17,True
DEMO_01451,TXN_00052257,2026-01-13 07:39:00,TRANSFER,36.1,275.65,239.55,0.0,RECIPIENT_00,True
DEMO_01451,TXN_00052258,2026-01-15 02:39:00,TRANSFER,37.53,233.06,195.53,0.0,RECIPIENT_03,True
DEMO_01451,TXN_00052259,2026-01-15 04:40:00,CASH_OUT,27.17,309.13,281.96,0.27,RECIPIENT_02,True
DEMO_01451,TXN_00052260,2026-01-15 07:56:00,DEBIT,37.85,244.88,207.03,0.0,RECIPIENT_06,True
DEMO_01451,TXN_00052261,2026-01-16 07:26:00,TRANSFER,34.73,149.84,115.11,0.0,RECIPIENT_00,True
DEMO_01451,TXN_00052262,2026-01-16 23:20:00,TRANSFER,17.77,218.04,200.27,0.0,RECIPIENT_17,True
DEMO_01451,TXN_00052263,2026-01-17 04:12:00,DEBIT,16.1,158.22,142.12,0.0,RECIPIENT_04,True
DEMO_01451,TXN_00052264,2026-01-18 11:45:00,TRANSFER,39.68,195.18,155.51,0.0,RECIPIENT_10,True
DEMO_01451,TXN_00052265,2026-01-18 21:19:00,TRANSFER,27.83,297.17,269.33,0.0,RECIPIENT_06,True
DEMO_01451,TXN_00052267,2026-01-19 00:42:00,CASH_IN,34.52,181.1,215.61,0.0,RECIPIENT_02,True
DEMO_01451,TXN_00052266,2026-01-19 07:03:00,TRANSFER,33.91,207.45,173.55,0.0,RECIPIENT_00,True
DEMO_01451,TXN_00052268,2026-01-22 12:46:00,CASH_OUT,37.75,322.52,284.77,0.38,RECIPIENT_17,True
DEMO_01451,TXN_00052269,2026-01-23 02:49:00,CASH_IN,12.81,162.78,175.59,0.0,RECIPIENT_06,True
DEMO_01451,TXN_00052270,2026-01-23 07:29:00,DEBIT,29.29,226.55,197.25,0.0,RECIPIENT_17,True
DEMO_01451,TXN_00052271,2026-01-23 19:54:00,TRANSFER,31.82,156.92,125.1,0.0,RECIPIENT_01,True
DEMO_01456,TXN_00052416,2026-01-01 23:24:00,CASH_OUT,53.94,146.99,93.05,0.54,RECIPIENT_00,True
DEMO_01456,TXN_00052417,2026-01-02 21:00:00,CASH_OUT,74.61,89.91,15.29,0.75,RECIPIENT_05,True
DEMO_01456,TXN_00052418,2026-01-03 03:44:00,DEBIT,42.51,83.06,40.55,0.0,RECIPIENT_12,True
DEMO_01456,TXN_00052419,2026-01-03 22:35:00,CASH_OUT,32.57,146.99,114.42,0.33,RECIPIENT_06,True
DEMO_01456,TXN_00052420,2026-01-05 13:24:00,CASH_OUT,38.94,122.8,83.85,0.39,RECIPIENT_17,True
DEMO_01456,TXN_00052421,2026-01-05 19:30:00,CASH_OUT,48.49,160.44,111.95,0.48,RECIPIENT_13,True
DEMO_01456,TXN_00052422,2026-01-06 05:28:00,TRANSFER,43.92,89.62,45.7,0.0,RECIPIENT_09,True
DEMO_01456,TXN_00052423,2026-01-07 09:07:00,DEBIT,47.66,111.83,64.17,0.0,RECIPIENT_04,True
DEMO_01456,TXN_00052424,2026-01-07 20:04:00,CASH_OUT,37.76,138.2,100.44,0.38,RECIPIENT_00,True
DEMO_01456,TXN_00052425,2026-01-09 05:11:00,CASH_OUT,35.47,132.05,96.58,0.35,RECIPIENT_15,True
DEMO_01456,TXN_00052426,2026-01-09 13:28:00,DEBIT,41.12,71.64,30.52,0.0,RECIPIENT_07,True
DEMO_01456,TXN_00052427,2026-01-10 11:19:00,CASH_OUT,49.08,103.84,54.77,0.49,RECIPIENT_07,True
DEMO_01456,TXN_00052428,2026-01-10 15:14:00,CASH_OUT,42.45,172.72,130.27,0.42,RECIPIENT_04,True
DEMO_01456,TXN_00052429,2026-01-11 09:19:00,DEBIT,51.07,158.33,107.26,0.0,RECIPIENT_03,True
DEMO_01456,TXN_00052430,2026-01-11 22:43:00,CASH_OUT,72.63,133.08,60.45,0.73,RECIPIENT_02,True
DEMO_01456,TXN_00052431,2026-01-12 04:19:00,CASH_OUT,44.36,91.1,46.74,0.44,RECIPIENT_13,True
DEMO_01456,TXN_00052432,2026-01-12 18:42:00,DEBIT,64.0,203.76,139.76,0.0,RECIPIENT_02,True
DEMO_01456,TXN_00052433,2026-01-12 22:26:00,CASH_OUT,61.91,226.68,164.78,0.62,RECIPIENT_12,True
DEMO_01456,TXN_00052434,2026-01-13 12:27:00,DEBIT,29.28,124.78,95.5,0.0,RECIPIENT_12,True
DEMO_01456,TXN_00052435,2026-01-14 09:06:00,TRANSFER,50.97,182.09,131.12,0.0,RECIPIENT_16,True
DEMO_01456,TXN_00052436,2026-01-15 00:04:00,CASH_OUT,48.41,134.41,86.0,0.48,RECIPIENT_07,True
DEMO_01456,TXN_00052437,2026-01-15 07:54:00,CASH_OUT,19.92,133.03,113.11,0.25,RECIPIENT_12,True
DEMO_01456,TXN_00052438,2026-01-15 15:02:00,PAYMENT_SEND,21.31,128.19,106.88,0.25,RECIPIENT_00,True
DEMO_01456,TXN_00052439,2026-01-16 19:27:00,TRANSFER,31.32,125.67,94.35,0.0,RECIPIENT_09,True
DEMO_01456,TXN_00052440,2026-01-17 01:36:00,DEBIT,63.04,151.5,88.46,0.0,RECIPIENT_02,True
DEMO_01456,TXN_00052441,2026-01-17 20:51:00,CASH_OUT,19.0,112.64,93.64,0.25,RECIPIENT_08,True
DEMO_01456,TXN_00052442,2026-01-18 02:35:00,DEBIT,44.82,162.89,118.06,0.0,RECIPIENT_08,True
DEMO_01456,TXN_00052443,2026-01-18 06:23:00,DEBIT,30.79,90.17,59.38,0.0,RECIPIENT_04,True
DEMO_01456,TXN_00052444,2026-01-18 09:05:00,CASH_OUT,19.61,148.24,128.63,0.25,RECIPIENT_16,True
DEMO_01456,TXN_00052445,2026-01-18 15:21:00,DEBIT,20.09,135.63,115.54,0.0,RECIPIENT_06,True
DEMO_01456,TXN_00052447,2026-01-19 15:38:00,CASH_OUT,33.23,149.84,116.61,0.33,RECIPIENT_02,True
DEMO_01456,TXN_00052446,2026-01-19 23:16:00,CASH_OUT,26.8,129.42,102.62,0.27,RECIPIENT_11,True
DEMO_01456,TXN_00052448,2026-01-20 06:52:00,DEBIT,35.1,239.96,204.86,0.0,RECIPIENT_02,True
DEMO_01456,TXN_00052449,2026-01-20 17:17:00,CASH_IN,41.8,150.56,192.36,0.0,RECIPIENT_11,True
DEMO_01456,TXN_00052451,2026-01-21 05:15:00,DEBIT,16.19,115.09,98.9,0.0,RECIPIENT_06,True
DEMO_01456,TXN_00052450,2026-01-21 23:55:00,TRANSFER,42.32,157.46,115.14,0.0,RECIPIENT_00,True
DEMO_01482,TXN_00053352,2026-01-01 00:43:00,CASH_OUT,26.64,299.85,273.21,0.27,RECIPIENT_00,True
DEMO_01482,TXN_00053353,2026-01-03 02:28:00,DEBIT,20.14,272.35,252.21,0.0,RECIPIENT_07,True
DEMO_01482,TXN_00053354,2026-01-03 17:16:00,DEBIT,28.87,289.66,260.79,0.0,RECIPIENT_01,True
DEMO_01482,TXN_00053355,2026-01-04 05:16:00,TRANSFER,23.88,255.14,231.26,0.0,RECIPIENT_10,True
DEMO_01482,TXN_00053356,2026-01-04 17:12:00,TRANSFER,32.01,293.69,261.68,0.0,RECIPIENT_00,True
DEMO_01482,TXN_00053357,2026-01-05 00:29:00,TRANSFER,35.16,413.27,378.1,0.0,RECIPIENT_11,True
DEMO_01482,TXN_00053358,2026-01-05 13:09:00,CASH_OUT,35.03,240.63,205.6,0.35,RECIPIENT_02,True
DEMO_01482,TXN_00053359,2026-01-06 11:14:00,DEBIT,19.05,236.57,217.52,0.0,RECIPIENT_07,True
DEMO_01482,TXN_00053360,2026-01-06 22:51:00,CASH_IN,38.2,252.95,291.15,0.0,RECIPIENT_09,True
DEMO_01482,TXN_00053361,2026-01-07 10:46:00,CASH_OUT,34.93,211.48,176.55,0.35,RECIPIENT_15,True
DEMO_01482,TXN_00053362,2026-01-07 14:48:00,PAYMENT_SEND,24.28,247.09,222.81,0.25,RECIPIENT_04,True
DEMO_01482,TXN_00053363,2026-01-09 06:18:00,PAYMENT_SEND,22.32,164.4,142.08,0.25,RECIPIENT_04,True
DEMO_01482,TXN_00053364,2026-01-10 05:47:00,DEBIT,33.51,217.19,183.69,0.0,RECIPIENT_10,True
DEMO_01482,TXN_00053365,2026-01-11 06:02:00,PAYMENT,27.6,285.52,257.92,0.0,RECIPIENT_06,True
DEMO_01482,TXN_00053366,2026-01-12 07:26:00,PAYMENT,19.22,210.1,190.89,0.0,RECIPIENT_16,True
DEMO_01482,TXN_00053367,2026-01-13 02:25:00,CASH_OUT,21.2,178.3,157.09,0.25,RECIPIENT_07,True
DEMO_01482,TXN_00053368,2026-01-13 12:32:00,DEBIT,20.42,222.23,201.8,0.0,RECIPIENT_05,True
DEMO_01482,TXN_00053369,2026-01-14 00:15:00,CASH_IN,15.13,319.94,335.07,0.0,RECIPIENT_09,True
DEMO_01482,TXN_00053370,2026-01-14 13:05:00,TRANSFER,14.64,248.34,233.7,0.0,RECIPIENT_04,True
DEMO_01482,TXN_00053371,2026-01-14 15:32:00,DEBIT,35.63,180.35,144.72,0.0,RECIPIENT_02,True
DEMO_01482,TXN_00053372,2026-01-14 20:18:00,CASH_IN,22.65,360.2,382.85,0.0,RECIPIENT_04,True
DEMO_01482,TXN_00053373,2026-01-15 08:06:00,CASH_IN,14.22,299.26,313.48,0.0,RECIPIENT_01,True
DEMO_01482,TXN_00053374,2026-01-15 15:23:00,DEBIT,39.05,141.77,102.72,0.0,RECIPIENT_02,True
DEMO_01482,TXN_00053375,2026-01-16 07:10:00,TRANSFER,22.21,262.37,240.16,0.0,RECIPIENT_04,True
DEMO_01482,TXN_00053376,2026-01-17 14:06:00,PAYMENT_SEND,12.86,195.29,182.43,0.25,RECIPIENT_09,True
DEMO_01482,TXN_00053377,2026-01-17 21:54:00,TRANSFER,24.06,379.56,355.5,0.0,RECIPIENT_10,True
DEMO_01482,TXN_00053378,2026-01-18 14:07:00,TRANSFER,19.41,242.09,222.68,0.0,RECIPIENT_00,True
DEMO_01482,TXN_00053379,2026-01-18 22:04:00,CASH_OUT,27.26,282.5,255.24,0.27,RECIPIENT_04,True
DEMO_01482,TXN_00053380,2026-01-19 01:46:00,DEBIT,27.87,242.1,214.23,0.0,RECIPIENT_16,True
DEMO_01482,TXN_00053381,2026-01-19 03:09:00,TRANSFER,26.61,266.17,239.56,0.0,RECIPIENT_03,True
DEMO_01482,TXN_00053382,2026-01-19 13:56:00,DEBIT,23.81,358.06,334.25,0.0,RECIPIENT_04,True
DEMO_01482,TXN_00053383,2026-01-20 18:52:00,DEBIT,21.14,195.93,174.79,0.0,RECIPIENT_04,True
DEMO_01482,TXN_00053384,2026-01-21 00:45:00,CASH_IN,15.2,307.59,322.79,0.0,RECIPIENT_14,True
DEMO_01482,TXN_00053385,2026-01-21 05:46:00,TRANSFER,35.36,146.71,111.35,0.0,RECIPIENT_06,True
DEMO_01482,TXN_00053386,2026-01-22 03:39:00,DEBIT,29.32,153.66,124.34,0.0,RECIPIENT_00,True
DEMO_01482,TXN_00053387,2026-01-23 08:43:00,CASH_OUT,26.15,201.61,175.47,0.26,RECIPIENT_00,True
DEMO_01558,TXN_00056088,2026-01-01 12:15:00,TRANSFER,31.74,233.04,201.3,0.0,RECIPIENT_04,True
DEMO_01558,TXN_00056089,2026-01-03 03:51:00,CASH_OUT,24.99,219.0,194.01,0.25,RECIPIENT_05,True
DEMO_01558,TXN_00056090,2026-01-03 19:31:00,TRANSFER,92.46,293.0,200.54,0.0,RECIPIENT_02,True
DEMO_01558,TXN_00056091,2026-01-04 12:17:00,PAYMENT_SEND,32.08,168.5,136.42,0.32,RECIPIENT_07,True
DEMO_01558,TXN_00056092,2026-01-05 17:33:00,TRANSFER,27.39,166.29,138.9,0.0,RECIPIENT_03,True
DEMO_01558,TXN_00056093,2026-01-06 01:49:00,PAYMENT,25.31,300.83,275.53,0.0,RECIPIENT_04,True
DEMO_01558,TXN_00056094,2026-01-06 12:13:00,CASH_OUT,16.6,215.28,198.67,0.25,RECIPIENT_06,True
DEMO_01558,TXN_00056095,2026-01-07 19:11:00,TRANSFER,23.42,279.35,255.93,0.0,RECIPIENT_04,True
DEMO_01558,TXN_00056096,2026-01-09 01:12:00,PAYMENT,42.98,190.14,147.17,0.0,RECIPIENT_02,True
DEMO_01558,TXN_00056097,2026-01-09 12:05:00,TRANSFER,46.7,208.7,162.0,0.0,RECIPIENT_08,True
DEMO_01558,TXN_00056098,2026-01-09 20:53:00,CASH_OUT,23.84,174.05,150.2,0.25,RECIPIENT_01,True
DEMO_01558,TXN_00056099,2026-01-09 22:13:00,PAYMENT,38.16,111.8,73.64,0.0,RECIPIENT_00,True
DEMO_01558,TXN_00056100,2026-01-10 01:52:00,CASH_OUT,31.5,132.08,100.58,0.32,RECIPIENT_04,True
DEMO_01558,TXN_00056101,2026-01-11 03:17:00,CASH_OUT,55.25,259.26,204.01,0.55,RECIPIENT_15,True
DEMO_01558,TXN_00056102,2026-01-11 09:21:00,CASH_OUT,19.72,200.84,181.12,0.25,RECIPIENT_03,True
DEMO_01558,TXN_00056103,2026-01-11 22:59:00,PAYMENT,21.05,151.25,130.2,0.0,RECIPIENT_02,True
DEMO_01558,TXN_00056104,2026-01-12 08:24:00,CASH_OUT,35.78,173.13,137.35,0.36,RECIPIENT_15,True
DEMO_01558,TXN_00056105,2026-01-12 20:45:00,DEBIT,33.92,289.59,255.67,0.0,RECIPIENT_00,True
DEMO_01558,TXN_00056106,2026-01-13 04:01:00,TRANSFER,24.44,217.25,192.81,0.0,RECIPIENT_02,True
DEMO_01558,TXN_00056107,2026-01-13 13:19:00,PAYMENT,27.59,330.2,302.62,0.0,RECIPIENT_00,True
DEMO_01558,TXN_00056108,2026-01-13 14:49:00,TRANSFER,24.76,234.26,209.5,0.0,RECIPIENT_03,True
DEMO_01558,TXN_00056109,2026-01-14 03:35:00,DEBIT,31.48,263.34,231.86,0.0,RECIPIENT_03,True
DEMO_01558,TXN_00056110,2026-01-14 12:27:00,TRANSFER,63.19,260.98,197.8,0.0,RECIPIENT_00,True
DEMO_01558,TXN_00056111,2026-01-14 15:44:00,DEBIT,53.36,297.36,244.01,0.0,RECIPIENT_04,True
DEMO_01558,TXN_00056112,2026-01-15 04:24:00,TRANSFER,41.44,236.72,195.28,0.0,RECIPIENT_00,True
DEMO_01558,TXN_00056113,2026-01-16 00:09:00,PAYMENT,23.57,186.86,163.3,0.0,RECIPIENT_16,True
DEMO_01558,TXN_00056114,2026-01-16 11:07:00,CASH_OUT,35.82,207.73,171.91,0.36,RECIPIENT_04,True
DEMO_01558,TXN_00056115,2026-01-18 01:05:00,TRANSFER,17.12,311.65,294.53,0.0,RECIPIENT_00,True
DEMO_01558,TXN_00056116,2026-01-18 15:45:00,DEBIT,13.54,256.48,242.94,0.0,RECIPIENT_01,True
DEMO_01558,TXN_00056117,2026-01-19 05:03:00,PAYMENT,19.48,147.83,128.35,0.0,RECIPIENT_15,True
DEMO_01558,TXN_00056118,2026-01-19 12:24:00,TRANSFER,18.59,245.73,227.14,0.0,RECIPIENT_10,True
DEMO_01558,TXN_00056119,2026-01-20 04:32:00,PAYMENT,39.06,187.3,148.23,0.0,RECIPIENT_12,True
DEMO_01558,TXN_00056120,2026-01-21 12:42:00,DEBIT,11.06,223.98,212.92,0.0,RECIPIENT_12,True
DEMO_01558,TXN_00056121,2026-01-21 20:58:00,DEBIT,33.42,246.14,212.71,0.0,RECIPIENT_02,True
DEMO_01558,TXN_00056122,2026-01-23 02:16:00,DEBIT,41.78,213.21,171.43,0.0,RECIPIENT_00,True
DEMO_01558,TXN_00056123,2026-01-23 06:52:00,CASH_OUT,26.63,219.95,193.31,0.27,RECIPIENT_02,True
DEMO_01602,TXN_00057672,2026-01-01 21:34:00,CASH_OUT,32.85,139.46,106.61,0.33,RECIPIENT_11,True
DEMO_01602,TXN_00057673,2026-01-02 08:53:00,DEBIT,41.34,140.73,99.38,0.0,RECIPIENT_08,True
DEMO_01602,TXN_00057674,2026-01-02 21:02:00,CASH_IN,38.26,158.16,196.42,0.0,RECIPIENT_06,True
DEMO_01602,TXN_00057675,2026-01-03 08:35:00,PAYMENT_SEND,70.68,150.14,79.45,0.71,RECIPIENT_16,True
DEMO_01602,TXN_00057676,2026-01-04 22:44:00,CASH_OUT,50.36,122.24,71.88,0.5,RECIPIENT_02,True
DEMO_01602,TXN_00057677,2026-01-05 05:12:00,DEBIT,30.13,150.52,120.39,0.0,RECIPIENT_04,True
DEMO_01602,TXN_00057678,2026-01-05 10:35:00,CASH_IN,49.46,223.41,272.87,0.0,RECIPIENT_13,True
DEMO_01602,TXN_00057679,2026-01-05 20:07:00,DEBIT,39.77,153.79,114.02,0.0,RECIPIENT_08,True
DEMO_01602,TXN_00057680,2026-01-06 10:02:00,TRANSFER,18.14,103.06,84.92,0.0,RECIPIENT_00,True
DEMO_01602,TXN_00057681,2026-01-06 20:26:00,CASH_OUT,56.4,164.22,107.82,0.56,RECIPIENT_04,True
DEMO_01602,TXN_00057682,2026-01-07 12:11:00,DEBIT,37.5,197.59,160.09,0.0,RECIPIENT_13,True
DEMO_01602,TXN_00057683,2026-01-07 20:01:00,CASH_OUT,42.22,219.26,177.04,0.42,RECIPIENT_15,True
DEMO_01602,TXN_00057684,2026-01-08 06:19:00,DEBIT,34.58,171.61,137.04,0.0,RECIPIENT_08,True
DEMO_01602,TXN_00057685,2026-01-08 11:09:00,TRANSFER,16.88,124.5,107.62,0.0,RECIPIENT_04,True
DEMO_01602,TXN_00057686,2026-01-09 04:49:00,DEBIT,24.45,179.87,155.42,0.0,RECIPIENT_04,True
DEMO_01602,TXN_00057687,2026-01-09 15:10:00,PAYMENT,26.6,185.08,158.48,0.0,RECIPIENT_00,True
DEMO_01602,TXN_00057688,2026-01-10 09:53:00,CASH_OUT,19.65,195.57,175.92,0.25,RECIPIENT_03,True
DEMO_01602,TXN_00057689,2026-01-10 15:46:00,TRANSFER,41.75,201.76,160.01,0.0,RECIPIENT_01,True
DEMO_01602,TXN_00057690,2026-01-11 02:28:00,TRANSFER,32.89,254.32,221.43,0.0,RECIPIENT_15,True
DEMO_01602,TXN_00057691,2026-01-12 05:38:00,TRANSFER,33.93,211.05,177.12,0.0,RECIPIENT_03,True
DEMO_01602,TXN_00057692,2026-01-12 16:37:00,TRANSFER,34.59,180.46,145.87,0.0,RECIPIENT_01,True
DEMO_01602,TXN_00057693,2026-01-13 11:11:00,DEBIT,32.98,148.18,115.2,0.0,RECIPIENT_01,True
DEMO_01602,TXN_00057694,2026-01-13 18:18:00,CASH_OUT,37.64,162.47,124.83,0.38,RECIPIENT_01,True
DEMO_01602,TXN_00057695,2026-01-14 01:29:00,DEBIT,34.5,123.62,89.12,0.0,RECIPIENT_04,True
DEMO_01602,TXN_00057696,2026-01-15 02:41:00,CASH_OUT,28.61,142.93,114.32,0.29,RECIPIENT_04,True
DEMO_01602,TXN_00057697,2026-01-17 08:33:00,DEBIT,48.27,112.17,63.9,0.0,RECIPIENT_03,True
DEMO_01602,TXN_00057698,2026-01-17 18:05:00,PAYMENT,20.57,196.69,176.11,0.0,RECIPIENT_07,True
DEMO_01602,TXN_00057699,2026-01-18 07:17:00,TRANSFER,52.16,256.19,204.04,0.0,RECIPIENT_03,True
DEMO_01602,TXN_00057701,2026-01-19 11:00:00,TRANSFER,18.04,150.83,132.79,0.0,RECIPIENT_02,True
DEMO_01602,TXN_00057702,2026-01-19 17:32:00,TRANSFER,30.88,155.9,125.03,0.0,RECIPIENT_07,True
DEMO_01602,TXN_00057700,2026-01-19 23:47:00,TRANSFER,21.01,223.73,202.72,0.0,RECIPIENT_15,True
DEMO_01602,TXN_00057703,2026-01-20 02:30:00,TRANSFER,30.34,172.87,142.53,0.0,RECIPIENT_07,True
DEMO_01602,TXN_00057704,2026-01-20 14:09:00,TRANSFER,26.97,220.57,193.6,0.0,RECIPIENT_16,True
DEMO_01602,TXN_00057705,2026-01-21 01:49:00,DEBIT,21.5,215.02,193.52,0.0,RECIPIENT_06,True
DEMO_01602,TXN_00057706,2026-01-23 00:42:00,DEBIT,19.05,247.33,228.28,0.0,RECIPIENT_15,True
DEMO_01602,TXN_00057707,2026-01-24 14:22:00,PAYMENT,22.8,294.45,271.65,0.0,RECIPIENT_01,True
DEMO_01606,TXN_00057816,2026-01-01 13:36:00,CASH_OUT,18.32,178.77,160.45,0.25,RECIPIENT_02,True
DEMO_01606,TXN_00057817,2026-01-01 15:13:00,PAYMENT,57.8,150.81,93.01,0.0,RECIPIENT_16,True
DEMO_01606,TXN_00057818,2026-01-01 17:21:00,TRANSFER,36.74,237.73,200.98,0.0,RECIPIENT_04,True
DEMO_01606,TXN_00057820,2026-01-02 00:20:00,PAYMENT,42.3,194.04,151.73,0.0,RECIPIENT_09,True
DEMO_01606,TXN_00057819,2026-01-02 14:52:00,DEBIT,35.5,322.72,287.22,0.0,RECIPIENT_10,True
DEMO_01606,TXN_00057821,2026-01-03 23:16:00,TRANSFER,29.13,242.35,213.21,0.0,RECIPIENT_09,True
DEMO_01606,TXN_00057822,2026-01-04 07:11:00,TRANSFER,27.08,206.77,179.68,0.0,RECIPIENT_05,True
DEMO_01606,TXN_00057823,2026-01-05 04:13:00,CASH_OUT,34.1,158.79,124.68,0.34,RECIPIENT_02,True
DEMO_01606,TXN_00057824,2026-01-05 22:44:00,DEBIT,36.21,262.33,226.12,0.0,RECIPIENT_04,True
DEMO_01606,TXN_00057825,2026-01-06 07:39:00,DEBIT,78.39,208.16,129.77,0.0,RECIPIENT_05,True
DEMO_01606,TXN_00057826,2026-01-07 09:26:00,TRANSFER,17.45,228.41,210.96,0.0,RECIPIENT_01,True
DEMO_01606,TXN_00057827,2026-01-07 23:56:00,DEBIT,29.81,252.84,223.03,0.0,RECIPIENT_00,True
DEMO_01606,TXN_00057828,2026-01-08 03:53:00,TRANSFER,15.45,186.14,170.68,0.0,RECIPIENT_13,True
DEMO_01606,TXN_00057829,2026-01-08 19:11:00,PAYMENT,49.43,435.42,385.99,0.0,RECIPIENT_17,True
DEMO_01606,TXN_00057830,2026-01-09 11:40:00,DEBIT,55.38,190.02,134.65,0.0,RECIPIENT_04,True
DEMO_01606,TXN_00057831,2026-01-09 15:01:00,DEBIT,24.05,286.69,262.64,0.0,RECIPIENT_00,True
DEMO_01606,TXN_00057832,2026-01-10 07:52:00,TRANSFER,30.26,169.53,139.26,0.0,RECIPIENT_01,True
DEMO_01606,TXN_00057833,2026-01-10 17:44:00,CASH_OUT,27.09,242.49,215.4,0.27,RECIPIENT_04,True
DEMO_01606,TXN_00057834,2026-01-11 19:12:00,DEBIT,17.04,287.19,270.15,0.0,RECIPIENT_01,True
DEMO_01606,TXN_00057835,2026-01-12 18:50:00,CASH_OUT,23.66,236.93,213.28,0.25,RECIPIENT_10,True
DEMO_01606,TXN_00057836,2026-01-13 13:43:00,TRANSFER,22.17,211.12,188.95,0.0,RECIPIENT_05,True
DEMO_01606,TXN_00057837,2026-01-14 03:06:00,TRANSFER,15.55,311.76,296.21,0.0,RECIPIENT_01,True
DEMO_01606,TXN_00057838,2026-01-14 13:58:00,CASH_IN,32.58,213.18,245.75,0.0,RECIPIENT_04,True
DEMO_01606,TXN_00057839,2026-01-14 22:46:00,CASH_OUT,20.98,227.65,206.67,0.25,RECIPIENT_03,True
DEMO_01606,TXN_00057840,2026-01-15 07:14:00,CASH_OUT,31.61,218.81,187.2,0.32,RECIPIENT_14,True
DEMO_01606,TXN_00057841,2026-01-15 22:05:00,PAYMENT,27.13,186.77,159.64,0.0,RECIPIENT_15,True
DEMO_01606,TXN_00057842,2026-01-16 21:51:00,PAYMENT,43.13,254.95,211.82,0.0,RECIPIENT_09,True
DEMO_01606,TXN_00057843,2026-01-17 07:43:00,DEBIT,44.75,219.32,174.57,0.0,RECIPIENT_02,True
DEMO_01606,TXN_00057844,2026-01-19 05:29:00,DEBIT,34.8,283.35,248.55,0.0,RECIPIENT_00,True
DEMO_01606,TXN_00057845,2026-01-19 09:19:00,TRANSFER,38.59,184.99,146.4,0.0,RECIPIENT_04,True
DEMO_01606,TXN_00057846,2026-01-19 16:32:00,CASH_OUT,28.16,196.02,167.86,0.28,RECIPIENT_15,True
DEMO_01606,TXN_00057847,2026-01-20 19:34:00,CASH_IN,32.72,200.62,233.34,0.0,RECIPIENT_02,True
DEMO_01606,TXN_00057848,2026-01-22 02:03:00,TRANSFER,26.05,151.25,125.2,0.0,RECIPIENT_10,True
DEMO_01606,TXN_00057849,2026-01-22 22:41:00,CASH_OUT,23.24,216.61,193.37,0.25,RECIPIENT_01,True
DEMO_01606,TXN_00057850,2026-01-23 06:01:00,CASH_OUT,7.31,267.15,259.85,0.25,RECIPIENT_00,True
DEMO_01606,TXN_00057851,2026-01-24 07:18:00,PAYMENT_SEND,27.4,179.25,151.86,0.27,RECIPIENT_00,True
DEMO_01844,TXN_00066384,2026-01-02 23:20:00,TRANSFER,24.49,299.18,274.68,0.0,RECIPIENT_00,True
DEMO_01844,TXN_00066386,2026-01-03 01:23:00,DEBIT,24.32,349.04,324.72,0.0,RECIPIENT_00,True
DEMO_01844,TXN_00066385,2026-01-03 16:21:00,TRANSFER,16.53,258.02,241.49,0.0,RECIPIENT_00,True
DEMO_01844,TXN_00066387,2026-01-04 09:23:00,DEBIT,22.42,322.7,300.27,0.0,RECIPIENT_02,True
DEMO_01844,TXN_00066388,2026-01-04 21:33:00,TRANSFER,24.38,396.48,372.1,0.0,RECIPIENT_00,True
DEMO_01844,TXN_00066389,2026-01-05 11:31:00,PAYMENT_SEND,15.26,317.76,302.5,0.25,RECIPIENT_02,True
DEMO_01844,TXN_00066390,2026-01-05 18:45:00,DEBIT,24.59,338.21,313.62,0.0,RECIPIENT_03,True
DEMO_01844,TXN_00066391,2026-01-06 12:29:00,TRANSFER,30.8,236.84,206.04,0.0,RECIPIENT_02,True
DEMO_01844,TXN_00066392,2026-01-06 20:30:00,DEBIT,16.99,542.55,525.57,0.0,RECIPIENT_00,True
DEMO_01844,TXN_00066393,2026-01-07 11:37:00,TRANSFER,29.56,229.16,199.6,0.0,RECIPIENT_01,True
DEMO_01844,TXN_00066394,2026-01-07 16:57:00,TRANSFER,28.22,282.75,254.54,0.0,RECIPIENT_04,True
DEMO_01844,TXN_00066395,2026-01-08 13:44:00,DEBIT,22.61,575.2,552.58,0.0,RECIPIENT_00,True
DEMO_01844,TXN_00066396,2026-01-08 21:56:00,TRANSFER,20.17,275.44,255.27,0.0,RECIPIENT_00,True
DEMO_01844,TXN_00066397,2026-01-09 10:27:00,CASH_OUT,33.22,408.13,374.91,0.33,RECIPIENT_00,True
DEMO_01844,TXN_00066398,2026-01-09 18:50:00,CASH_IN,24.65,434.16,458.8,0.0,RECIPIENT_01,True
DEMO_01844,TXN_00066399,2026-01-10 07:57:00,TRANSFER,21.24,686.23,664.98,0.0,RECIPIENT_03,True
DEMO_01844,TXN_00066400,2026-01-11 03:28:00,TRANSFER,28.1,295.94,267.84,0.0,RECIPIENT_00,True
DEMO_01844,TXN_00066401,2026-01-11 06:02:00,PAYMENT_SEND,47.45,407.56,360.11,0.47,RECIPIENT_02,True
DEMO_01844,TXN_00066402,2026-01-11 19:57:00,TRANSFER,18.37,585.93,567.56,0.0,RECIPIENT_01,True
DEMO_01844,TXN_00066403,2026-01-13 06:42:00,CASH_IN,29.41,260.69,290.11,0.0,RECIPIENT_00,True
DEMO_01844,TXN_00066404,2026-01-13 08:25:00,TRANSFER,30.46,268.73,238.27,0.0,RECIPIENT_04,True
DEMO_01844,TXN_00066405,2026-01-13 10:49:00,TRANSFER,15.4,497.85,482.44,0.0,RECIPIENT_02,True
DEMO_01844,TXN_00066406,2026-01-14 12:43:00,TRANSFER,18.4,256.28,237.88,0.0,RECIPIENT_13,True
DEMO_01844,TXN_00066407,2026-01-15 04:14:00,PAYMENT,22.17,359.31,337.14,0.0,RECIPIENT_08,True
DEMO_01844,TXN_00066408,2026-01-16 15:19:00,DEBIT,13.89,333.43,319.54,0.0,RECIPIENT_11,True
DEMO_01844,TXN_00066409,2026-01-16 18:16:00,CASH_IN,14.13,360.1,374.23,0.0,RECIPIENT_06,True
DEMO_01844,TXN_00066410,2026-01-17 14:59:00,CASH_OUT,7.12,409.83,402.71,0.25,RECIPIENT_17,True
DEMO_01844,TXN_00066411,2026-01-17 16:01:00,PAYMENT_SEND,17.49,364.23,346.74,0.25,RECIPIENT_13,True
DEMO_01844,TXN_00066412,2026-01-19 02:36:00,CASH_OUT,9.58,280.47,270.89,0.25,RECIPIENT_10,True
DEMO_01844,TXN_00066413,2026-01-19 07:20:00,CASH_OUT,14.36,325.35,310.99,0.25,RECIPIENT_00,True
DEMO_01844,TXN_00066414,2026-01-20 15:25:00,TRANSFER,14.48,440.81,426.33,0.0,RECIPIENT_05,True
DEMO_01844,TXN_00066415,2026-01-21 07:36:00,TRANSFER,6.6,501.87,495.28,0.0,RECIPIENT_02,True
DEMO_01844,TXN_00066416,2026-01-21 09:58:00,PAYMENT,16.28,464.75,448.47,0.0,RECIPIENT_04,True
DEMO_01844,TXN_00066417,2026-01-21 18:51:00,TRANSFER,8.98,532.29,523.31,0.0,RECIPIENT_00,True
DEMO_01844,TXN_00066418,2026-01-22 02:05:00,CASH_IN,12.97,612.94,625.91,0.0,RECIPIENT_11,True
DEMO_01844,TXN_00066419,2026-01-22 08:35:00,PAYMENT_SEND,1.83,591.79,589.96,0.25,RECIPIENT_01,True
DEMO_01861,TXN_00066996,2026-01-01 06:56:00,CASH_OUT,7.9,393.23,385.33,0.25,RECIPIENT_10,True
DEMO_01861,TXN_00066999,2026-01-02 02:48:00,DEBIT,8.95,365.86,356.91,0.0,RECIPIENT_03,True
DEMO_01861,TXN_00066997,2026-01-02 20:04:00,DEBIT,9.25,625.45,616.2,0.0,RECIPIENT_16,True
DEMO_01861,TXN_00066998,2026-01-02 22:25:00,PAYMENT_SEND,3.78,408.91,405.13,0.25,RECIPIENT_00,True
DEMO_01861,TXN_00067000,2026-01-03 05:22:00,CASH_OUT,13.4,499.2,485.8,0.25,RECIPIENT_06,True
DEMO_01861,TXN_00067002,2026-01-05 15:39:00,PAYMENT_SEND,4.92,567.38,562.45,0.25,RECIPIENT_15,True
DEMO_01861,TXN_00067001,2026-01-05 21:21:00,DEBIT,10.03,587.35,577.31,0.0,RECIPIENT_03,True
DEMO_01861,TXN_00067003,2026-01-06 10:12:00,CASH_IN,3.4,470.55,473.95,0.0,RECIPIENT_17,True
DEMO_01861,TXN_00067004,2026-01-07 02:21:00,TRANSFER,8.98,463.05,454.07,0.0,RECIPIENT_03,True
DEMO_01861,TXN_00067005,2026-01-07 07:57:00,PAYMENT_SEND,10.74,348.59,337.84,0.25,RECIPIENT_03,True
DEMO_01861,TXN_00067006,2026-01-07 17:53:00,TRANSFER,16.39,368.91,352.52,0.0,RECIPIENT_03,True
DEMO_01861,TXN_00067007,2026-01-08 12:29:00,PAYMENT,19.23,474.57,455.34,0.0,RECIPIENT_11,True
DEMO_01861,TXN_00067008,2026-01-08 13:59:00,DEBIT,18.85,457.0,438.14,0.0,RECIPIENT_03,True
DEMO_01861,TXN_00067009,2026-01-09 06:07:00,TRANSFER,13.36,387.46,374.1,0.0,RECIPIENT_04,True
DEMO_01861,TXN_00067010,2026-01-09 16:23:00,DEBIT,25.21,254.55,229.34,0.0,RECIPIENT_07,True
DEMO_01861,TXN_00067011,2026-01-10 06:03:00,TRANSFER,10.37,388.21,377.84,0.0,RECIPIENT_03,True
DEMO_01861,TXN_00067012,2026-01-10 15:12:00,CASH_OUT,18.53,358.87,340.34,0.25,RECIPIENT_15,True
DEMO_01861,TXN_00067013,2026-01-11 13:24:00,DEBIT,16.01,400.18,384.17,0.0,RECIPIENT_08,True
DEMO_01861,TXN_00067014,2026-01-12 13:31:00,CASH_OUT,23.75,408.42,384.68,0.25,RECIPIENT_04,True
DEMO_01861,TXN_00067015,2026-01-13 00:54:00,TRANSFER,17.92,435.05,417.12,0.0,RECIPIENT_12,True
DEMO_01861,TXN_00067016,2026-01-13 07:38:00,TRANSFER,10.59,333.66,323.07,0.0,RECIPIENT_03,True
DEMO_01861,TXN_00067017,2026-01-13 16:15:00,CASH_OUT,29.05,263.02,233.97,0.29,RECIPIENT_01,True
DEMO_01861,TXN_00067018,2026-01-13 22:26:00,TRANSFER,20.88,480.22,459.34,0.0,RECIPIENT_03,True
DEMO_01861,TXN_00067020,2026-01-14 00:17:00,PAYMENT_SEND,58.53,367.8,309.27,0.59,RECIPIENT_00,True
DEMO_01861,TXN_00067019,2026-01-14 20:55:00,TRANSFER,28.81,213.43,184.62,0.0,RECIPIENT_10,True
DEMO_01861,TXN_00067021,2026-01-15 07:35:00,CASH_OUT,17.18,284.16,266.98,0.25,RECIPIENT_02,True
DEMO_01861,TXN_00067022,2026-01-17 20:40:00,DEBIT,19.84,209.9,190.05,0.0,RECIPIENT_01,True
DEMO_01861,TXN_00067023,2026-01-18 07:07:00,PAYMENT_SEND,47.76,247.23,199.47,0.48,RECIPIENT_02,True
DEMO_01861,TXN_00067024,2026-01-18 12:47:00,DEBIT,31.27,318.9,287.63,0.0,RECIPIENT_07,True
DEMO_01861,TXN_00067025,2026-01-18 22:23:00,PAYMENT_SEND,14.68,239.75,225.07,0.25,RECIPIENT_01,True
DEMO_01861,TXN_00067026,2026-01-19 17:08:00,DEBIT,34.57,275.53,240.96,0.0,RECIPIENT_04,True
DEMO_01861,TXN_00067027,2026-01-20 17:42:00,CASH_OUT,49.69,239.35,189.66,0.5,RECIPIENT_08,True
DEMO_01861,TXN_00067028,2026-01-20 21:14:00,DEBIT,26.76,233.71,206.95,0.0,RECIPIENT_01,True
DEMO_01861,TXN_00067031,2026-01-21 00:35:00,TRANSFER,37.89,245.15,207.26,0.0,RECIPIENT_03,True
DEMO_01861,TXN_00067029,2026-01-21 10:29:00,TRANSFER,20.95,274.85,253.9,0.0,RECIPIENT_03,True
DEMO_01861,TXN_00067030,2026-01-21 17:04:00,CASH_IN,31.53,195.68,227.21,0.0,RECIPIENT_01,True
DEMO_01864,TXN_00067104,2026-01-01 00:22:00,CASH_OUT,27.19,245.96,218.77,0.27,RECIPIENT_05,True
DEMO_01864,TXN_00067105,2026-01-02 06:09:00,TRANSFER,26.9,201.06,174.16,0.0,RECIPIENT_05,True
DEMO_01864,TXN_00067106,2026-01-03 10:25:00,DEBIT,55.22,327.87,272.65,0.0,RECIPIENT_08,True
DEMO_01864,TXN_00067107,2026-01-04 01:57:00,CASH_OUT,33.81,190.52,156.71,0.34,RECIPIENT_01,True
DEMO_01864,TXN_00067108,2026-01-05 15:39:00,TRANSFER,37.31,272.78,235.46,0.0,RECIPIENT_14,True
DEMO_01864,TXN_00067109,2026-01-06 01:17:00,CASH_OUT,44.01,375.73,331.73,0.44,RECIPIENT_00,True
DEMO_01864,TXN_00067110,2026-01-06 06:32:00,CASH_IN,25.58,237.52,263.1,0.0,RECIPIENT_00,True
DEMO_01864,TXN_00067111,2026-01-06 14:20:00,TRANSFER,24.97,266.9,241.93,0.0,RECIPIENT_08,True
DEMO_01864,TXN_00067112,2026-01-06 18:51:00,PAYMENT,25.22,312.21,286.99,0.0,RECIPIENT_03,True
DEMO_01864,TXN_00067113,2026-01-08 10:10:00,CASH_OUT,17.87,168.83,150.96,0.25,RECIPIENT_01,True
DEMO_01864,TXN_00067114,2026-01-09 09:49:00,CASH_OUT,24.23,296.04,271.81,0.25,RECIPIENT_05,True
DEMO_01864,TXN_00067115,2026-01-10 15:31:00,TRANSFER,31.56,220.0,188.45,0.0,RECIPIENT_02,True
DEMO_01864,TXN_00067116,2026-01-11 06:13:00,CASH_IN,19.6,164.13,183.73,0.0,RECIPIENT_02,True
DEMO_01864,TXN_00067117,2026-01-13 04:02:00,PAYMENT_SEND,32.83,189.5,156.67,0.33,RECIPIENT_03,True
DEMO_01864,TXN_00067118,2026-01-13 20:33:00,TRANSFER,19.44,154.39,134.96,0.0,RECIPIENT_02,True
DEMO_01864,TXN_00067119,2026-01-14 00:39:00,CASH_IN,36.82,310.92,347.74,0.0,RECIPIENT_00,True
DEMO_01864,TXN_00067120,2026-01-14 05:48:00,PAYMENT,58.2,290.69,232.49,0.0,RECIPIENT_01,True
DEMO_01864,TXN_00067121,2026-01-14 16:16:00,PAYMENT,33.45,368.34,334.9,0.0,RECIPIENT_16,True
DEMO_01864,TXN_00067122,2026-01-15 10:16:00,CASH_OUT,15.29,182.78,167.48,0.25,RECIPIENT_11,True
DEMO_01864,TXN_00067123,2026-01-15 21:39:00,CASH_OUT,16.03,334.31,318.28,0.25,RECIPIENT_03,True
DEMO_01864,TXN_00067124,2026-01-16 11:47:00,TRANSFER,33.7,277.65,243.94,0.0,RECIPIENT_01,True
DEMO_01864,TXN_00067125,2026-01-16 13:52:00,CASH_OUT,15.48,280.99,265.51,0.25,RECIPIENT_02,True
DEMO_01864,TXN_00067126,2026-01-17 02:56:00,TRANSFER,26.6,222.19,195.58,0.0,RECIPIENT_13,True
DEMO_01864,TXN_00067127,2026-01-17 06:35:00,DEBIT,24.06,260.38,236.31,0.0,RECIPIENT_08,True
DEMO_01864,TXN_00067128,2026-01-17 10:47:00,DEBIT,14.93,316.58,301.65,0.0,RECIPIENT_11,True
DEMO_01864,TXN_00067129,2026-01-19 05:41:00,TRANSFER,34.57,302.72,268.15,0.0,RECIPIENT_00,True
DEMO_01864,TXN_00067130,2026-01-19 10:51:00,PAYMENT,25.97,212.42,186.46,0.0,RECIPIENT_13,True
DEMO_01864,TXN_00067131,2026-01-19 17:03:00,PAYMENT,5.16,268.96,263.8,0.0,RECIPIENT_00,True
DEMO_01864,TXN_00067132,2026-01-20 13:03:00,TRANSFER,14.55,245.19,230.64,0.0,RECIPIENT_17,True
DEMO_01864,TXN_00067133,2026-01-21 09:52:00,PAYMENT,46.36,215.72,169.36,0.0,RECIPIENT_04,True
DEMO_01864,TXN_00067134,2026-01-22 06:30:00,TRANSFER,27.74,236.34,208.6,0.0,RECIPIENT_00,True
DEMO_01864,TXN_00067135,2026-01-24 16:59:00,TRANSFER,12.08,202.74,190.66,0.0,RECIPIENT_10,True
DEMO_01864,TXN_00067136,2026-01-25 06:03:00,DEBIT,16.09,307.8,291.71,0.0,RECIPIENT_01,True
DEMO_01864,TXN_00067137,2026-01-25 14:51:00,DEBIT,34.89,200.99,166.09,0.0,RECIPIENT_01,True
DEMO_01864,TXN_00067138,2026-01-25 17:42:00,TRANSFER,36.19,373.73,337.53,0.0,RECIPIENT_02,True
DEMO_01864,TXN_00067139,2026-01-26 00:13:00,TRANSFER,22.89,201.22,178.33,0.0,RECIPIENT_10,True
DEMO_01909,TXN_00068724,2026-01-01 18:24:00,PAYMENT_SEND,42.36,228.94,186.58,0.42,RECIPIENT_03,True
DEMO_01909,TXN_00068725,2026-01-03 05:44:00,CASH_IN,32.18,132.91,165.09,0.0,RECIPIENT_01,True
DEMO_01909,TXN_00068726,2026-01-03 12:00:00,CASH_OUT,36.63,314.25,277.63,0.37,RECIPIENT_00,True
DEMO_01909,TXN_00068727,2026-01-04 03:19:00,TRANSFER,22.8,219.14,196.34,0.0,RECIPIENT_15,True
DEMO_01909,TXN_00068728,2026-01-05 02:40:00,PAYMENT,40.49,265.69,225.21,0.0,RECIPIENT_06,True
DEMO_01909,TXN_00068729,2026-01-05 17:46:00,TRANSFER,27.1,167.23,140.13,0.0,RECIPIENT_06,True
DEMO_01909,TXN_00068730,2026-01-05 20:07:00,PAYMENT_SEND,21.74,247.69,225.95,0.25,RECIPIENT_01,True
DEMO_01909,TXN_00068731,2026-01-08 02:05:00,PAYMENT,30.94,195.05,164.1,0.0,RECIPIENT_00,True
DEMO_01909,TXN_00068732,2026-01-08 02:51:00,TRANSFER,47.2,240.57,193.38,0.0,RECIPIENT_00,True
DEMO_01909,TXN_00068733,2026-01-08 11:04:00,TRANSFER,42.04,210.48,168.43,0.0,RECIPIENT_13,True
DEMO_01909,TXN_00068734,2026-01-09 09:16:00,DEBIT,21.2,296.95,275.75,0.0,RECIPIENT_04,True
DEMO_01909,TXN_00068735,2026-01-10 20:56:00,DEBIT,28.34,186.28,157.93,0.0,RECIPIENT_10,True
DEMO_01909,TXN_00068736,2026-01-11 13:58:00,DEBIT,36.69,188.7,152.02,0.0,RECIPIENT_00,True
DEMO_01909,TXN_00068737,2026-01-11 16:03:00,DEBIT,29.18,145.93,116.75,0.0,RECIPIENT_09,True
DEMO_01909,TXN_00068738,2026-01-12 07:19:00,CASH_IN,19.41,288.74,308.15,0.0,RECIPIENT_13,True
DEMO_01909,TXN_00068739,2026-01-13 03:29:00,CASH_IN,21.71,241.59,263.3,0.0,RECIPIENT_02,True
DEMO_01909,TXN_00068740,2026-01-13 12:17:00,TRANSFER,18.9,233.59,214.69,0.0,RECIPIENT_17,True
DEMO_01909,TXN_00068741,2026-01-13 21:21:00,TRANSFER,18.04,253.97,235.93,0.0,RECIPIENT_02,True
DEMO_01909,TXN_00068742,2026-01-15 08:09:00,TRANSFER,23.91,288.36,264.46,0.0,RECIPIENT_04,True
DEMO_01909,TXN_00068743,2026-01-16 00:00:00,TRANSFER,14.4,258.27,243.87,0.0,RECIPIENT_02,True
DEMO_01909,TXN_00068744,2026-01-16 12:16:00,CASH_IN,23.38,285.47,308.85,0.0,RECIPIENT_09,True
DEMO_01909,TXN_00068745,2026-01-17 12:00:00,CASH_OUT,26.94,312.95,286.01,0.27,RECIPIENT_10,True
DEMO_01909,TXN_00068747,2026-01-18 09:53:00,CASH_OUT,16.1,232.54,216.44,0.25,RECIPIENT_06,True
DEMO_01909,TXN_00068746,2026-01-18 10:06:00,DEBIT,35.46,218.11,182.65,0.0,RECIPIENT_00,True
DEMO_01909,TXN_00068748,2026-01-19 02:37:00,TRANSFER,16.71,400.39,383.68,0.0,RECIPIENT_07,True
DEMO_01909,TXN_00068749,2026-01-19 09:26:00,PAYMENT,34.21,208.73,174.52,0.0,RECIPIENT_02,True
DEMO_01909,TXN_00068750,2026-01-20 09:24:00,PAYMENT,14.54,420.5,405.96,0.0,RECIPIENT_03,True
DEMO_01909,TXN_00068751,2026-01-21 13:31:00,DEBIT,28.29,291.23,262.94,0.0,RECIPIENT_00,True
DEMO_01909,TXN_00068753,2026-01-22 16:48:00,CASH_OUT,23.61,334.93,311.32,0.25,RECIPIENT_01,True
DEMO_01909,TXN_00068752,2026-01-22 23:32:00,DEBIT,22.01,151.91,129.9,0.0,RECIPIENT_01,True
DEMO_01909,TXN_00068754,2026-01-23 01:01:00,TRANSFER,12.44,178.71,166.27,0.0,RECIPIENT_01,True
DEMO_01909,TXN_00068755,2026-01-23 21:13:00,PAYMENT_SEND,17.32,271.75,254.42,0.25,RECIPIENT_04,True
DEMO_01909,TXN_00068756,2026-01-24 04:26:00,CASH_OUT,11.96,261.19,249.23,0.25,RECIPIENT_14,True
DEMO_01909,TXN_00068757,2026-01-24 11:51:00,DEBIT,39.14,308.86,269.72,0.0,RECIPIENT_12,True
DEMO_01909,TXN_00068758,2026-01-24 14:23:00,DEBIT,18.68,369.14,350.45,0.0,RECIPIENT_08,True
DEMO_01909,TXN_00068759,2026-01-25 08:36:00,PAYMENT,16.43,273.72,257.29,0.0,RECIPIENT_04,True
DEMO_01973,TXN_00071028,2026-01-01 00:16:00,PAYMENT,58.62,152.65,94.03,0.0,RECIPIENT_03,True
DEMO_01973,TXN_00071029,2026-01-02 07:43:00,CASH_OUT,51.29,115.98,64.69,0.51,RECIPIENT_02,True
DEMO_01973,TXN_00071030,2026-01-03 08:50:00,CASH_OUT,35.7,159.5,123.8,0.36,RECIPIENT_16,True
DEMO_01973,TXN_00071031,2026-01-03 15:21:00,DEBIT,46.99,146.14,99.14,0.0,RECIPIENT_10,True
DEMO_01973,TXN_00071032,2026-01-04 21:48:00,CASH_IN,42.38,167.42,209.8,0.0,RECIPIENT_02,True
DEMO_01973,TXN_00071033,2026-01-05 12:38:00,CASH_OUT,30.23,151.12,120.89,0.3,RECIPIENT_01,True
DEMO_01973,TXN_00071034,2026-01-05 17:47:00,TRANSFER,41.72,124.68,82.96,0.0,RECIPIENT_15,True
DEMO_01973,TXN_00071035,2026-01-05 22:23:00,PAYMENT,36.31,162.54,126.23,0.0,RECIPIENT_08,True
DEMO_01973,TXN_00071036,2026-01-06 00:56:00,CASH_IN,30.36,164.64,195.0,0.0,RECIPIENT_09,True
DEMO_01973,TXN_00071037,2026-01-07 10:29:00,CASH_OUT,36.62,242.87,206.25,0.37,RECIPIENT_17,True
DEMO_01973,TXN_00071038,2026-01-08 22:47:00,DEBIT,38.63,162.53,123.9,0.0,RECIPIENT_11,True
DEMO_01973,TXN_00071039,2026-01-09 06:35:00,CASH_OUT,58.8,128.18,69.38,0.59,RECIPIENT_01,True
DEMO_01973,TXN_00071040,2026-01-09 22:34:00,TRANSFER,42.96,191.9,148.94,0.0,RECIPIENT_10,True
DEMO_01973,TXN_00071041,2026-01-10 10:56:00,CASH_OUT,47.57,139.03,91.46,0.48,RECIPIENT_16,True
DEMO_01973,TXN_00071042,2026-01-11 01:33:00,DEBIT,35.25,224.22,188.97,0.0,RECIPIENT_12,True
DEMO_01973,TXN_00071043,2026-01-11 08:06:00,PAYMENT_SEND,26.71,138.07,111.36,0.27,RECIPIENT_00,True
DEMO_01973,TXN_00071044,2026-01-12 08:45:00,TRANSFER,53.87,130.81,76.94,0.0,RECIPIENT_00,True
DEMO_01973,TXN_00071045,2026-01-13 15:33:00,CASH_OUT,17.42,155.43,138.0,0.25,RECIPIENT_00,True
DEMO_01973,TXN_00071046,2026-01-14 10:00:00,DEBIT,30.0,140.78,110.78,0.0,RECIPIENT_04,True
DEMO_01973,TXN_00071047,2026-01-15 17:12:00,DEBIT,42.29,130.5,88.22,0.0,RECIPIENT_02,True
DEMO_01973,TXN_00071048,2026-01-16 01:29:00,PAYMENT,22.21,151.15,128.95,0.0,RECIPIENT_07,True
DEMO_01973,TXN_00071049,2026-01-16 02:40:00,TRANSFER,40.27,141.01,100.74,0.0,RECIPIENT_04,True
DEMO_01973,TXN_00071050,2026-01-16 09:52:00,PAYMENT,17.15,121.73,104.58,0.0,RECIPIENT_09,True
DEMO_01973,TXN_00071051,2026-01-16 19:24:00,DEBIT,26.32,304.37,278.05,0.0,RECIPIENT_06,True
DEMO_01973,TXN_00071052,2026-01-17 12:53:00,PAYMENT_SEND,52.43,108.12,55.69,0.52,RECIPIENT_03,True
DEMO_01973,TXN_00071053,2026-01-18 05:42:00,DEBIT,20.65,222.78,202.13,0.0,RECIPIENT_02,True
DEMO_01973,TXN_00071054,2026-01-19 06:24:00,TRANSFER,20.47,192.28,171.81,0.0,RECIPIENT_17,True
DEMO_01973,TXN_00071055,2026-01-19 22:47:00,DEBIT,32.19,96.96,64.77,0.0,RECIPIENT_03,True
DEMO_01973,TXN_00071056,2026-01-20 02:30:00,CASH_OUT,13.53,176.82,163.29,0.25,RECIPIENT_12,True
DEMO_01973,TXN_00071057,2026-01-20 07:08:00,CASH_OUT,52.21,162.65,110.44,0.52,RECIPIENT_01,True
DEMO_01973,TXN_00071058,2026-01-20 14:07:00,DEBIT,31.37,194.98,163.61,0.0,RECIPIENT_00,True
DEMO_01973,TXN_00071059,2026-01-21 07:00:00,CASH_OUT,11.82,121.1,109.28,0.25,RECIPIENT_11,True
DEMO_01973,TXN_00071060,2026-01-22 12:46:00,TRANSFER,20.46,261.16,240.7,0.0,RECIPIENT_10,True
DEMO_01973,TXN_00071062,2026-01-23 07:01:00,TRANSFER,21.97,196.61,174.63,0.0,RECIPIENT_02,True
DEMO_01973,TXN_00071063,2026-01-23 10:20:00,CASH_OUT,17.66,137.14,119.48,0.25,RECIPIENT_03,True
DEMO_01973,TXN_00071061,2026-01-23 22:31:00,TRANSFER,24.57,159.9,135.32,0.0,RECIPIENT_04,True
DEMO_02031,TXN_00073116,2026-01-02 06:10:00,CASH_OUT,43.49,322.45,278.96,0.43,RECIPIENT_09,True
DEMO_02031,TXN_00073117,2026-01-03 08:13:00,TRANSFER,25.34,428.07,402.73,0.0,RECIPIENT_02,True
DEMO_02031,TXN_00073118,2026-01-03 23:25:00,CASH_IN,26.13,326.78,352.91,0.0,RECIPIENT_03,True
DEMO_02031,TXN_00073119,2026-01-04 14:12:00,TRANSFER,14.54,262.6,248.06,0.0,RECIPIENT_06,True
DEMO_02031,TXN_00073120,2026-01-04 22:14:00,CASH_OUT,31.34,245.6,214.26,0.31,RECIPIENT_01,True
DEMO_02031,TXN_00073121,2026-01-05 07:47:00,PAYMENT_SEND,34.15,395.29,361.14,0.34,RECIPIENT_01,True
DEMO_02031,TXN_00073122,2026-01-05 22:14:00,PAYMENT_SEND,13.63,254.68,241.05,0.25,RECIPIENT_04,True
DEMO_02031,TXN_00073123,2026-01-06 13:02:00,CASH_OUT,19.37,545.49,526.12,0.25,RECIPIENT_01,True
DEMO_02031,TXN_00073124,2026-01-07 12:27:00,CASH_IN,17.01,427.37,444.38,0.0,RECIPIENT_00,True
DEMO_02031,TXN_00073125,2026-01-07 20:46:00,CASH_OUT,37.24,329.27,292.03,0.37,RECIPIENT_00,True
DEMO_02031,TXN_00073126,2026-01-08 17:51:00,CASH_IN,47.77,208.34,256.1,0.0,RECIPIENT_14,True
DEMO_02031,TXN_00073127,2026-01-09 16:26:00,DEBIT,12.36,443.53,431.17,0.0,RECIPIENT_07,True
DEMO_02031,TXN_00073128,2026-01-11 16:52:00,TRANSFER,42.66,451.33,408.67,0.0,RECIPIENT_04,True
DEMO_02031,TXN_00073129,2026-01-12 15:57:00,TRANSFER,22.83,220.48,197.65,0.0,RECIPIENT_00,True
DEMO_02031,TXN_00073130,2026-01-12 23:41:00,TRANSFER,14.21,364.73,350.52,0.0,RECIPIENT_13,True
DEMO_02031,TXN_00073131,2026-01-13 06:36:00,DEBIT,15.96,237.4,221.44,0.0,RECIPIENT_10,True
DEMO_02031,TXN_00073132,2026-01-13 12:35:00,CASH_IN,21.28,264.64,285.92,0.0,RECIPIENT_02,True
DEMO_02031,TXN_00073133,2026-01-13 20:08:00,DEBIT,19.38,339.96,320.59,0.0,RECIPIENT_10,True
DEMO_02031,TXN_00073134,2026-01-14 03:42:00,TRANSFER,13.37,255.02,241.64,0.0,RECIPIENT_01,True
DEMO_02031,TXN_00073135,2026-01-14 09:19:00,DEBIT,23.39,248.78,225.39,0.0,RECIPIENT_10,True
DEMO_02031,TXN_00073136,2026-01-14 13:05:00,DEBIT,25.96,408.13,382.18,0.0,RECIPIENT_11,True
DEMO_02031,TXN_00073137,2026-01-15 01:07:00,DEBIT,18.07,297.19,279.12,0.0,RECIPIENT_05,True
DEMO_02031,TXN_00073138,2026-01-15 05:53:00,DEBIT,20.21,206.4,186.18,0.0,RECIPIENT_16,True
DEMO_02031,TXN_00073139,2026-01-15 07:34:00,PAYMENT_SEND,20.45,401.09,380.64,0.25,RECIPIENT_06,True
DEMO_02031,TXN_00073140,2026-01-15 20:43:00,TRANSFER,27.69,304.94,277.25,0.0,RECIPIENT_08,True
DEMO_02031,TXN_00073141,2026-01-16 03:23:00,DEBIT,21.75,257.25,235.5,0.0,RECIPIENT_11,True
DEMO_02031,TXN_00073142,2026-01-17 01:15:00,PAYMENT,23.15,302.9,279.75,0.0,RECIPIENT_15,True
DEMO_02031,TXN_00073143,2026-01-17 06:50:00,TRANSFER,18.98,200.85,181.87,0.0,RECIPIENT_06,True
DEMO_02031,TXN_00073144,2026-01-18 08:49:00,CASH_OUT,6.89,247.53,240.64,0.25,RECIPIENT_16,True
DEMO_02031,TXN_00073145,2026-01-19 08:17:00,TRANSFER,24.31,358.05,333.74,0.0,RECIPIENT_00,True
DEMO_02031,TXN_00073146,2026-01-20 03:27:00,DEBIT,21.12,426.66,405.54,0.0,RECIPIENT_12,True
DEMO_02031,TXN_00073147,2026-01-20 13:17:00,DEBIT,12.23,357.25,345.02,0.0,RECIPIENT_06,True
DEMO_02031,TXN_00073148,2026-01-20 15:46:00,PAYMENT,11.97,311.92,299.96,0.0,RECIPIENT_01,True
DEMO_02031,TXN_00073149,2026-01-21 11:48:00,CASH_OUT,12.89,271.1,258.21,0.25,RECIPIENT_01,True
DEMO_02031,TXN_00073150,2026-01-21 18:50:00,TRANSFER,10.51,480.72,470.21,0.0,RECIPIENT_14,True
DEMO_02031,TXN_00073151,2026-01-22 19:20:00,TRANSFER,22.21,263.89,241.68,0.0,RECIPIENT_02,True
DEMO_02303,TXN_00082909,2026-01-02 09:24:00,TRANSFER,18.91,434.08,415.17,0.0,RECIPIENT_14,True
DEMO_02303,TXN_00082910,2026-01-02 11:17:00,DEBIT,30.98,284.59,253.61,0.0,RECIPIENT_04,True
DEMO_02303,TXN_00082908,2026-01-02 22:33:00,DEBIT,22.84,356.44,333.6,0.0,RECIPIENT_07,True
DEMO_02303,TXN_00082911,2026-01-03 00:07:00,TRANSFER,28.21,253.53,225.32,0.0,RECIPIENT_15,True
DEMO_02303,TXN_00082912,2026-01-04 22:35:00,DEBIT,17.19,346.38,329.19,0.0,RECIPIENT_01,True
DEMO_02303,TXN_00082913,2026-01-05 01:39:00,CASH_IN,33.26,235.89,269.15,0.0,RECIPIENT_02,True
DEMO_02303,TXN_00082914,2026-01-05 07:01:00,TRANSFER,17.89,241.59,223.7,0.0,RECIPIENT_09,True
DEMO_02303,TXN_00082915,2026-01-06 00:40:00,TRANSFER,41.58,228.12,186.54,0.0,RECIPIENT_05,True
DEMO_02303,TXN_00082916,2026-01-06 21:23:00,DEBIT,14.94,341.63,326.69,0.0,RECIPIENT_02,True
DEMO_02303,TXN_00082917,2026-01-08 23:42:00,CASH_IN,20.17,257.21,277.38,0.0,RECIPIENT_12,True
DEMO_02303,TXN_00082918,2026-01-09 19:39:00,CASH_IN,30.26,240.48,270.74,0.0,RECIPIENT_03,True
DEMO_02303,TXN_00082919,2026-01-10 08:56:00,PAYMENT,21.78,231.93,210.15,0.0,RECIPIENT_02,True
DEMO_02303,TXN_00082920,2026-01-11 12:03:00,CASH_OUT,21.64,263.73,242.09,0.25,RECIPIENT_11,True
DEMO_02303,TXN_00082921,2026-01-11 17:00:00,TRANSFER,25.69,308.8,283.11,0.0,RECIPIENT_01,True
DEMO_02303,TXN_00082922,2026-01-12 02:00:00,CASH_OUT,18.76,272.18,253.42,0.25,RECIPIENT_10,True
DEMO_02303,TXN_00082923,2026-01-12 14:03:00,PAYMENT,10.11,337.15,327.03,0.0,RECIPIENT_15,True
DEMO_02303,TXN_00082924,2026-01-13 20:39:00,TRANSFER,15.43,269.68,254.25,0.0,RECIPIENT_12,True
DEMO_02303,TXN_00082925,2026-01-14 19:07:00,DEBIT,21.72,339.61,317.9,0.0,RECIPIENT_03,True
DEMO_02303,TXN_00082926,2026-01-15 04:54:00,TRANSFER,38.69,268.11,229.42,0.0,RECIPIENT_03,True
DEMO_02303,TXN_00082927,2026-01-16 10:51:00,DEBIT,32.92,299.59,266.67,0.0,RECIPIENT_02,True
DEMO_02303,TXN_00082928,2026-01-16 22:07:00,TRANSFER,25.65,263.7,238.05,0.0,RECIPIENT_15,True
DEMO_02303,TXN_00082929,2026-01-17 00:40:00,TRANSFER,21.36,202.61,181.25,0.0,RECIPIENT_10,True
DEMO_02303,TXN_00082930,2026-01-17 02:44:00,TRANSFER,29.93,290.01,260.08,0.0,RECIPIENT_17,True
DEMO_02303,TXN_00082931,2026-01-17 08:43:00,CASH_OUT,27.74,320.67,292.93,0.28,RECIPIENT_03,True
DEMO_02303,TXN_00082932,2026-01-19 20:23:00,TRANSFER,15.1,253.66,238.56,0.0,RECIPIENT_01,True
DEMO_02303,TXN_00082935,2026-01-20 00:26:00,PAYMENT,44.26,322.12,277.86,0.0,RECIPIENT_03,True
DEMO_02303,TXN_00082933,2026-01-20 12:54:00,DEBIT,22.86,189.35,166.48,0.0,RECIPIENT_06,True
DEMO_02303,TXN_00082934,2026-01-20 19:18:00,DEBIT,28.83,303.55,274.72,0.0,RECIPIENT_03,True
DEMO_02303,TXN_00082936,2026-01-21 09:47:00,DEBIT,25.77,236.79,211.02,0.0,RECIPIENT_02,True
DEMO_02303,TXN_00082937,2026-01-22 22:44:00,CASH_OUT,21.66,270.88,249.22,0.25,RECIPIENT_04,True
DEMO_02303,TXN_00082938,2026-01-23 09:30:00,CASH_IN,19.09,248.57,267.66,0.0,RECIPIENT_12,True
DEMO_02303,TXN_00082939,2026-01-24 00:17:00,CASH_IN,27.96,270.31,298.26,0.0,RECIPIENT_00,True
DEMO_02303,TXN_00082940,2026-01-25 20:25:00,PAYMENT,24.93,238.01,213.07,0.0,RECIPIENT_05,True
DEMO_02303,TXN_00082941,2026-01-26 08:28:00,DEBIT,22.73,326.49,303.76,0.0,RECIPIENT_08,True
DEMO_02303,TXN_00082942,2026-01-27 01:18:00,DEBIT,14.87,297.14,282.26,0.0,RECIPIENT_02,True
DEMO_02303,TXN_00082943,2026-01-27 15:48:00,PAYMENT,29.82,403.04,373.22,0.0,RECIPIENT_02,True
DEMO_02323,TXN_00083628,2026-01-02 04:28:00,TRANSFER,6.12,223.66,217.54,0.0,RECIPIENT_03,True
DEMO_02323,TXN_00083629,2026-01-03 08:04:00,CASH_OUT,14.33,210.67,196.35,0.25,RECIPIENT_00,True
DEMO_02323,TXN_00083630,2026-01-03 16:29:00,PAYMENT,19.93,336.23,316.31,0.0,RECIPIENT_14,True
DEMO_02323,TXN_00083631,2026-01-03 17:39:00,DEBIT,14.41,284.41,270.0,0.0,RECIPIENT_08,True
DEMO_02323,TXN_00083632,2026-01-04 03:04:00,TRANSFER,11.3,360.38,349.08,0.0,RECIPIENT_03,True
DEMO_02323,TXN_00083633,2026-01-05 23:09:00,PAYMENT,36.02,189.55,153.53,0.0,RECIPIENT_02,True
DEMO_02323,TXN_00083634,2026-01-06 08:44:00,DEBIT,16.09,430.53,414.44,0.0,RECIPIENT_00,True
DEMO_02323,TXN_00083635,2026-01-07 11:35:00,DEBIT,20.92,334.17,313.26,0.0,RECIPIENT_01,True
DEMO_02323,TXN_00083636,2026-01-08 00:38:00,DEBIT,15.07,285.77,270.7,0.0,RECIPIENT_02,True
DEMO_02323,TXN_00083637,2026-01-09 13:34:00,TRANSFER,21.25,231.36,210.11,0.0,RECIPIENT_01,True
DEMO_02323,TXN_00083638,2026-01-10 04:27:00,DEBIT,39.17,308.5,269.33,0.0,RECIPIENT_01,True
DEMO_02323,TXN_00083639,2026-01-10 13:01:00,PAYMENT_SEND,20.4,313.82,293.42,0.25,RECIPIENT_04,True
DEMO_02323,TXN_00083640,2026-01-10 17:59:00,PAYMENT,21.84,286.2,264.36,0.0,RECIPIENT_03,True
DEMO_02323,TXN_00083641,2026-01-10 21:33:00,PAYMENT_SEND,20.01,317.78,297.77,0.25,RECIPIENT_02,True
DEMO_02323,TXN_00083642,2026-01-11 04:00:00,TRANSFER,30.09,317.76,287.67,0.0,RECIPIENT_01,True
DEMO_02323,TXN_00083643,2026-01-11 06:23:00,TRANSFER,23.52,262.78,239.27,0.0,RECIPIENT_15,True
DEMO_02323,TXN_00083644,2026-01-11 14:05:00,PAYMENT_SEND,10.59,356.88,346.29,0.25,RECIPIENT_07,True
DEMO_02323,TXN_00083645,2026-01-12 11:32:00,PAYMENT_SEND,39.89,299.38,259.49,0.4,RECIPIENT_02,True
DEMO_02323,TXN_00083646,2026-01-13 17:58:00,TRANSFER,17.05,270.4,253.35,0.0,RECIPIENT_04,True
DEMO_02323,TXN_00083647,2026-01-14 05:01:00,PAYMENT,21.84,273.27,251.43,0.0,RECIPIENT_01,True
DEMO_02323,TXN_00083648,2026-01-14 09:48:00,DEBIT,26.41,298.72,272.31,0.0,RECIPIENT_17,True
DEMO_02323,TXN_00083649,2026-01-14 15:37:00,TRANSFER,22.21,228.14,205.93,0.0,RECIPIENT_02,True
DEMO_02323,TXN_00083650,2026-01-14 21:25:00,CASH_OUT,24.74,240.79,216.04,0.25,RECIPIENT_04,True
DEMO_02323,TXN_00083651,2026-01-15 13:52:00,PAYMENT_SEND,24.26,231.06,206.8,0.25,RECIPIENT_03,True
DEMO_02323,TXN_00083652,2026-01-16 04:32:00,TRANSFER,28.95,302.38,273.43,0.0,RECIPIENT_00,True
DEMO_02323,TXN_00083653,2026-01-16 22:00:00,TRANSFER,18.55,192.83,174.28,0.0,RECIPIENT_02,True
DEMO_02323,TXN_00083654,2026-01-17 14:02:00,PAYMENT_SEND,41.42,344.72,303.3,0.41,RECIPIENT_00,True
DEMO_02323,TXN_00083655,2026-01-17 21:48:00,DEBIT,39.64,192.8,153.16,0.0,RECIPIENT_07,True
DEMO_02323,TXN_00083656,2026-01-18 09:49:00,DEBIT,27.82,197.9,170.08,0.0,RECIPIENT_01,True
DEMO_02323,TXN_00083657,2026-01-18 20:52:00,DEBIT,21.09,265.22,244.13,0.0,RECIPIENT_15,True
DEMO_02323,TXN_00083659,2026-01-19 01:53:00,TRANSFER,24.32,198.27,173.95,0.0,RECIPIENT_13,True
DEMO_02323,TXN_00083658,2026-01-19 19:06:00,CASH_OUT,25.91,281.61,255.69,0.26,RECIPIENT_13,True
DEMO_02323,TXN_00083660,2026-01-20 12:53:00,DEBIT,23.91,118.82,94.92,0.0,RECIPIENT_04,True
DEMO_02323,TXN_00083661,2026-01-20 19:31:00,DEBIT,42.23,261.65,219.42,0.0,RECIPIENT_04,True
DEMO_02323,TXN_00083662,2026-01-21 07:51:00,PAYMENT,18.67,131.33,112.65,0.0,RECIPIENT_15,True
DEMO_02323,TXN_00083663,2026-01-21 11:18:00,TRANSFER,36.74,253.63,216.89,0.0,RECIPIENT_00,True
DEMO_02468,TXN_00088849,2026-01-02 09:15:00,DEBIT,12.24,349.43,337.18,0.0,RECIPIENT_02,True
DEMO_02468,TXN_00088848,2026-01-02 23:24:00,DEBIT,4.8,232.67,227.88,0.0,RECIPIENT_13,True
DEMO_02468,TXN_00088850,2026-01-03 01:44:00,TRANSFER,4.47,309.56,305.08,0.0,RECIPIENT_11,True
DEMO_02468,TXN_00088851,2026-01-03 13:25:00,DEBIT,10.54,371.03,360.48,0.0,RECIPIENT_01,True
DEMO_02468,TXN_00088852,2026-01-04 12:14:00,TRANSFER,7.47,209.89,202.42,0.0,RECIPIENT_00,True
DEMO_02468,TXN_00088853,2026-01-05 11:52:00,PAYMENT,12.22,239.5,227.28,0.0,RECIPIENT_07,True
DEMO_02468,TXN_00088854,2026-01-05 19:13:00,CASH_OUT,8.59,337.11,328.51,0.25,RECIPIENT_01,True
DEMO_02468,TXN_00088855,2026-01-06 10:37:00,TRANSFER,10.97,273.46,262.49,0.0,RECIPIENT_04,True
DEMO_02468,TXN_00088856,2026-01-06 14:03:00,DEBIT,6.37,230.19,223.82,0.0,RECIPIENT_06,True
DEMO_02468,TXN_00088857,2026-01-07 02:35:00,DEBIT,5.87,320.76,314.89,0.0,RECIPIENT_01,True
DEMO_02468,TXN_00088858,2026-01-07 19:21:00,TRANSFER,8.02,205.94,197.93,0.0,RECIPIENT_04,True
DEMO_02468,TXN_00088859,2026-01-08 02:17:00,DEBIT,13.08,241.97,228.89,0.0,RECIPIENT_09,True
DEMO_02468,TXN_00088860,2026-01-09 22:12:00,TRANSFER,3.66,255.62,251.96,0.0,RECIPIENT_08,True
DEMO_02468,TXN_00088861,2026-01-10 17:44:00,DEBIT,33.93,290.25,256.31,0.0,RECIPIENT_10,True
DEMO_02468,TXN_00088862,2026-01-11 11:16:00,TRANSFER,15.24,197.59,182.35,0.0,RECIPIENT_10,True
DEMO_02468,TXN_00088863,2026-01-12 15:06:00,TRANSFER,24.01,231.77,207.77,0.0,RECIPIENT_09,True
DEMO_02468,TXN_00088864,2026-01-13 11:22:00,DEBIT,21.19,198.87,177.68,0.0,RECIPIENT_05,True
DEMO_02468,TXN_00088865,2026-01-13 14:56:00,DEBIT,22.59,172.56,149.97,0.0,RECIPIENT_00,True
DEMO_02468,TXN_00088866,2026-01-14 10:24:00,TRANSFER,19.65,251.05,231.4,0.0,RECIPIENT_00,True
DEMO_02468,TXN_00088867,2026-01-16 12:14:00,CASH_IN,31.52,221.74,253.26,0.0,RECIPIENT_00,True
DEMO_02468,TXN_00088868,2026-01-17 05:05:00,CASH_OUT,64.19,143.35,79.16,0.64,RECIPIENT_00,True
DEMO_02468,TXN_00088869,2026-01-18 02:51:00,PAYMENT,45.09,198.4,153.3,0.0,RECIPIENT_00,True
DEMO_02468,TXN_00088870,2026-01-18 14:20:00,DEBIT,50.13,145.75,95.62,0.0,RECIPIENT_04,True
DEMO_02468,TXN_00088871,2026-01-18 20:32:00,PAYMENT,19.72,136.02,116.3,0.0,RECIPIENT_02,True
DEMO_02468,TXN_00088872,2026-01-19 04:52:00,PAYMENT_SEND,25.36,125.73,100.38,0.25,RECIPIENT_08,True
DEMO_02468,TXN_00088873,2026-01-20 21:16:00,CASH_IN,35.86,111.98,147.83,0.0,RECIPIENT_03,True
DEMO_02468,TXN_00088874,2026-01-21 06:32:00,TRANSFER,61.7,139.67,77.97,0.0,RECIPIENT_08,True
DEMO_02468,TXN_00088875,2026-01-22 02:24:00,DEBIT,45.31,191.99,146.67,0.0,RECIPIENT_13,True
DEMO_02468,TXN_00088879,2026-01-23 00:09:00,PAYMENT,47.21,131.49,84.28,0.0,RECIPIENT_02,True
DEMO_02468,TXN_00088876,2026-01-23 07:21:00,PAYMENT,21.44,288.2,266.76,0.0,RECIPIENT_03,True
DEMO_02468,TXN_00088877,2026-01-23 09:21:00,CASH_OUT,44.98,167.2,122.22,0.45,RECIPIENT_01,True
DEMO_02468,TXN_00088878,2026-01-23 12:22:00,TRANSFER,61.47,150.31,88.84,0.0,RECIPIENT_13,True
DEMO_02468,TXN_00088880,2026-01-24 06:24:00,CASH_OUT,48.1,131.57,83.46,0.48,RECIPIENT_09,True
DEMO_02468,TXN_00088881,2026-01-24 15:42:00,CASH_OUT,32.85,149.44,116.59,0.33,RECIPIENT_00,True
DEMO_02468,TXN_00088882,2026-01-25 01:40:00,DEBIT,43.88,139.23,95.35,0.0,RECIPIENT_05,True
DEMO_02468,TXN_00088883,2026-01-26 12:20:00,PAYMENT,45.33,107.55,62.22,0.0,RECIPIENT_16,True
DEMO_02543,TXN_00091548,2026-01-02 19:39:00,TRANSFER,14.24,322.58,308.33,0.0,RECIPIENT_15,True
DEMO_02543,TXN_00091549,2026-01-03 15:41:00,TRANSFER,2.62,205.07,202.45,0.0,RECIPIENT_08,True
DEMO_02543,TXN_00091550,2026-01-04 15:53:00,TRANSFER,12.14,258.36,246.22,0.0,RECIPIENT_07,True
DEMO_02543,TXN_00091551,2026-01-05 02:59:00,TRANSFER,7.6,198.86,191.26,0.0,RECIPIENT_14,True
DEMO_02543,TXN_00091552,2026-01-05 15:20:00,DEBIT,29.22,370.61,341.39,0.0,RECIPIENT_04,True
DEMO_02543,TXN_00091553,2026-01-05 18:52:00,CASH_OUT,6.11,260.78,254.67,0.25,RECIPIENT_17,True
DEMO_02543,TXN_00091554,2026-01-07 13:36:00,CASH_IN,31.05,232.02,263.07,0.0,RECIPIENT_10,True
DEMO_02543,TXN_00091555,2026-01-08 05:33:00,DEBIT,9.13,373.6,364.47,0.0,RECIPIENT_01,True
DEMO_02543,TXN_00091557,2026-01-09 19:12:00,CASH_OUT,22.03,423.03,401.0,0.25,RECIPIENT_01,True
DEMO_02543,TXN_00091556,2026-01-09 23:38:00,DEBIT,30.7,311.19,280.48,0.0,RECIPIENT_02,True
DEMO_02543,TXN_00091558,2026-01-10 15:46:00,DEBIT,24.5,322.44,297.94,0.0,RECIPIENT_03,True
DEMO_02543,TXN_00091559,2026-01-10 20:34:00,DEBIT,15.06,220.9,205.84,0.0,RECIPIENT_00,True
DEMO_02543,TXN_00091560,2026-01-11 09:09:00,TRANSFER,34.8,234.33,199.52,0.0,RECIPIENT_15,True
DEMO_02543,TXN_00091561,2026-01-12 10:11:00,TRANSFER,20.35,242.31,221.97,0.0,RECIPIENT_02,True
DEMO_02543,TXN_00091562,2026-01-14 01:17:00,DEBIT,18.98,202.63,183.65,0.0,RECIPIENT_15,True
DEMO_02543,TXN_00091563,2026-01-14 18:27:00,TRANSFER,16.51,249.91,233.4,0.0,RECIPIENT_11,True
DEMO_02543,TXN_00091564,2026-01-15 07:38:00,PAYMENT_SEND,25.3,170.27,144.97,0.25,RECIPIENT_10,True
DEMO_02543,TXN_00091565,2026-01-15 23:28:00,CASH_OUT,23.97,253.29,229.32,0.25,RECIPIENT_08,True
DEMO_02543,TXN_00091566,2026-01-16 03:19:00,PAYMENT_SEND,22.34,202.34,180.0,0.25,RECIPIENT_17,True
DEMO_02543,TXN_00091567,2026-01-16 06:00:00,DEBIT,14.49,158.57,144.08,0.0,RECIPIENT_15,True
DEMO_02543,TXN_00091568,2026-01-17 09:54:00,CASH_OUT,20.74,251.3,230.55,0.25,RECIPIENT_03,True
DEMO_02543,TXN_00091569,2026-01-18 23:32:00,DEBIT,32.62,200.66,168.04,0.0,RECIPIENT_04,True
DEMO_02543,TXN_00091570,2026-01-20 15:17:00,CASH_IN,52.5,244.87,297.37,0.0,RECIPIENT_00,True
DEMO_02543,TXN_00091572,2026-01-21 01:03:00,PAYMENT,30.48,137.16,106.67,0.0,RECIPIENT_07,True
DEMO_02543,TXN_00091571,2026-01-21 06:38:00,TRANSFER,14.88,234.76,219.89,0.0,RECIPIENT_01,True
DEMO_02543,TXN_00091573,2026-01-22 13:00:00,PAYMENT_SEND,38.82,154.64,115.82,0.39,RECIPIENT_16,True
DEMO_02543,TXN_00091574,2026-01-22 17:47:00,CASH_OUT,61.78,137.51,75.73,0.62,RECIPIENT_01,True
DEMO_02543,TXN_00091575,2026-01-23 09:54:00,CASH_OUT,35.61,153.57,117.95,0.36,RECIPIENT_03,True
DEMO_02543,TXN_00091576,2026-01-24 07:44:00,TRANSFER,44.49,171.36,126.87,0.0,RECIPIENT_03,True
DEMO_02543,TXN_00091577,2026-01-24 15:39:00,DEBIT,44.82,166.62,121.8,0.0,RECIPIENT_12,True
DEMO_02543,TXN_00091578,2026-01-25 04:50:00,TRANSFER,34.73,185.56,150.83,0.0,RECIPIENT_00,True
DEMO_02543,TXN_00091579,2026-01-26 16:12:00,CASH_OUT,36.17,247.1,210.93,0.36,RECIPIENT_00,True
DEMO_02543,TXN_00091580,2026-01-27 08:59:00,TRANSFER,43.55,220.98,177.42,0.0,RECIPIENT_10,True
DEMO_02543,TXN_00091581,2026-01-27 18:58:00,DEBIT,34.94,116.71,81.77,0.0,RECIPIENT_00,True
DEMO_02543,TXN_00091582,2026-01-28 01:45:00,PAYMENT,45.83,175.82,129.99,0.0,RECIPIENT_12,True
DEMO_02543,TXN_00091583,2026-01-29 09:49:00,DEBIT,74.06,144.59,70.53,0.0,RECIPIENT_01,True
DEMO_02605,TXN_00093780,2026-01-01 22:07:00,TRANSFER,21.63,344.89,323.26,0.0,RECIPIENT_01,True
DEMO_02605,TXN_00093781,2026-01-02 03:49:00,TRANSFER,16.21,332.25,316.04,0.0,RECIPIENT_08,True
DEMO_02605,TXN_00093782,2026-01-02 16:21:00,TRANSFER,17.77,373.26,355.48,0.0,RECIPIENT_04,True
DEMO_02605,TXN_00093783,2026-01-04 18:04:00,TRANSFER,30.99,417.55,386.56,0.0,RECIPIENT_01,True
DEMO_02605,TXN_00093784,2026-01-06 07:51:00,TRANSFER,21.66,412.96,391.3,0.0,RECIPIENT_13,True
DEMO_02605,TXN_00093785,2026-01-06 11:13:00,PAYMENT,29.21,436.43,407.23,0.0,RECIPIENT_01,True
DEMO_02605,TXN_00093786,2026-01-06 19:04:00,PAYMENT_SEND,38.41,330.97,292.56,0.38,RECIPIENT_01,True
DEMO_02605,TXN_00093787,2026-01-07 16:13:00,CASH_OUT,20.53,411.44,390.91,0.25,RECIPIENT_12,True
DEMO_02605,TXN_00093788,2026-01-08 08:21:00,CASH_OUT,15.89,326.29,310.4,0.25,RECIPIENT_04,True
DEMO_02605,TXN_00093789,2026-01-09 06:37:00,TRANSFER,27.67,342.51,314.84,0.0,RECIPIENT_10,True
DEMO_02605,TXN_00093790,2026-01-10 15:59:00,DEBIT,8.55,353.6,345.05,0.0,RECIPIENT_11,True
DEMO_02605,TXN_00093791,2026-01-11 13:47:00,TRANSFER,21.03,443.44,422.41,0.0,RECIPIENT_01,True
DEMO_02605,TXN_00093792,2026-01-11 22:15:00,TRANSFER,17.52,338.97,321.44,0.0,RECIPIENT_11,True
DEMO_02605,TXN_00093793,2026-01-12 01:37:00,CASH_OUT,22.24,316.27,294.02,0.25,RECIPIENT_10,True
DEMO_02605,TXN_00093794,2026-01-12 11:30:00,PAYMENT_SEND,15.07,281.11,266.03,0.25,RECIPIENT_01,True
DEMO_02605,TXN_00093795,2026-01-13 01:46:00,CASH_OUT,24.65,399.2,374.55,0.25,RECIPIENT_04,True
DEMO_02605,TXN_00093796,2026-01-14 07:22:00,PAYMENT_SEND,16.82,292.76,275.95,0.25,RECIPIENT_00,True
DEMO_02605,TXN_00093797,2026-01-14 11:00:00,PAYMENT,9.76,329.22,319.46,0.0,RECIPIENT_00,True
DEMO_02605,TXN_00093798,2026-01-15 08:08:00,TRANSFER,31.24,423.53,392.29,0.0,RECIPIENT_03,True
DEMO_02605,TXN_00093799,2026-01-16 10:38:00,PAYMENT,43.23,251.04,207.81,0.0,RECIPIENT_03,True
DEMO_02605,TXN_00093800,2026-01-17 20:56:00,CASH_OUT,18.75,290.57,271.81,0.25,RECIPIENT_14,True
DEMO_02605,TXN_00093801,2026-01-19 05:08:00,DEBIT,29.35,329.39,300.04,0.0,RECIPIENT_13,True
DEMO_02605,TXN_00093802,2026-01-19 13:34:00,TRANSFER,18.46,333.02,314.56,0.0,RECIPIENT_08,True
DEMO_02605,TXN_00093803,2026-01-20 03:48:00,TRANSFER,33.58,380.99,347.41,0.0,RECIPIENT_03,True
DEMO_02605,TXN_00093804,2026-01-20 21:20:00,DEBIT,19.36,312.84,293.48,0.0,RECIPIENT_00,True
DEMO_02605,TXN_00093805,2026-01-21 07:19:00,CASH_IN,19.82,285.64,305.46,0.0,RECIPIENT_05,True
DEMO_02605,TXN_00093806,2026-01-21 10:26:00,PAYMENT_SEND,29.02,584.95,555.93,0.29,RECIPIENT_01,True
DEMO_02605,TXN_00093807,2026-01-21 17:56:00,DEBIT,23.39,347.5,324.11,0.0,RECIPIENT_02,True
DEMO_02605,TXN_00093808,2026-01-22 05:14:00,PAYMENT_SEND,16.64,191.23,174.59,0.25,RECIPIENT_15,True
DEMO_02605,TXN_00093809,2026-01-22 15:42:00,PAYMENT,28.9,460.16,431.26,0.0,RECIPIENT_03,True
DEMO_02605,TXN_00093810,2026-01-22 19:05:00,TRANSFER,15.79,365.1,349.3,0.0,RECIPIENT_14,True
DEMO_02605,TXN_00093811,2026-01-23 22:55:00,CASH_OUT,20.69,316.57,295.89,0.25,RECIPIENT_03,True
DEMO_02605,TXN_00093812,2026-01-24 15:09:00,CASH_OUT,26.48,338.45,311.97,0.26,RECIPIENT_11,True
DEMO_02605,TXN_00093813,2026-01-24 20:45:00,TRANSFER,20.37,271.98,251.61,0.0,RECIPIENT_11,True
DEMO_02605,TXN_00093814,2026-01-25 04:12:00,TRANSFER,16.99,336.07,319.08,0.0,RECIPIENT_01,True
DEMO_02605,TXN_00093815,2026-01-27 07:22:00,DEBIT,15.71,261.59,245.88,0.0,RECIPIENT_01,True
DEMO_02640,TXN_00095040,2026-01-01 16:57:00,TRANSFER,31.99,211.24,179.25,0.0,RECIPIENT_11,True
DEMO_02640,TXN_00095041,2026-01-01 19:27:00,DEBIT,18.63,202.6,183.97,0.0,RECIPIENT_00,True
DEMO_02640,TXN_00095042,2026-01-02 10:44:00,DEBIT,47.77,172.26,124.5,0.0,RECIPIENT_03,True
DEMO_02640,TXN_00095043,2026-01-02 15:37:00,PAYMENT_SEND,42.2,156.34,114.14,0.42,RECIPIENT_02,True
DEMO_02640,TXN_00095044,2026-01-04 08:22:00,CASH_OUT,53.87,217.2,163.33,0.54,RECIPIENT_01,True
DEMO_02640,TXN_00095045,2026-01-04 13:50:00,DEBIT,26.01,217.8,191.79,0.0,RECIPIENT_15,True
DEMO_02640,TXN_00095046,2026-01-06 03:59:00,CASH_OUT,36.88,168.31,131.43,0.37,RECIPIENT_02,True
DEMO_02640,TXN_00095047,2026-01-06 05:49:00,CASH_OUT,30.48,223.68,193.2,0.3,RECIPIENT_01,True
DEMO_02640,TXN_00095048,2026-01-06 09:35:00,DEBIT,57.65,196.57,138.92,0.0,RECIPIENT_02,True
DEMO_02640,TXN_00095049,2026-01-06 20:37:00,CASH_IN,51.47,165.08,216.56,0.0,RECIPIENT_01,True
DEMO_02640,TXN_00095050,2026-01-07 09:19:00,PAYMENT,41.76,179.24,137.49,0.0,RECIPIENT_04,True
DEMO_02640,TXN_00095051,2026-01-07 18:26:00,PAYMENT_SEND,25.09,168.96,143.87,0.25,RECIPIENT_00,True
DEMO_02640,TXN_00095052,2026-01-07 23:42:00,CASH_OUT,21.05,223.55,202.51,0.25,RECIPIENT_08,True
DEMO_02640,TXN_00095053,2026-01-08 15:13:00,DEBIT,31.52,152.67,121.15,0.0,RECIPIENT_14,True
DEMO_02640,TXN_00095054,2026-01-08 19:49:00,DEBIT,36.76,194.29,157.53,0.0,RECIPIENT_14,True
DEMO_02640,TXN_00095055,2026-01-09 00:28:00,TRANSFER,29.8,225.63,195.84,0.0,RECIPIENT_00,True
DEMO_02640,TXN_00095056,2026-01-09 14:36:00,CASH_OUT,33.08,206.04,172.96,0.33,RECIPIENT_00,True
DEMO_02640,TXN_00095057,2026-01-09 20:15:00,TRANSFER,19.28,132.38,113.1,0.0,RECIPIENT_01,True
DEMO_02640,TXN_00095058,2026-01-10 05:30:00,DEBIT,12.2,209.27,197.07,0.0,RECIPIENT_00,True
DEMO_02640,TXN_00095059,2026-01-11 05:35:00,TRANSFER,25.59,242.6,217.01,0.0,RECIPIENT_01,True
DEMO_02640,TXN_00095060,2026-01-12 20:10:00,PAYMENT_SEND,22.31,206.92,184.61,0.25,RECIPIENT_06,True
DEMO_02640,TXN_00095061,2026-01-13 03:19:00,PAYMENT_SEND,19.66,192.04,172.38,0.25,RECIPIENT_02,True
DEMO_02640,TXN_00095062,2026-01-14 16:33:00,CASH_IN,22.35,266.33,288.68,0.0,RECIPIENT_03,True
DEMO_02640,TXN_00095063,2026-01-15 00:28:00,CASH_OUT,24.35,310.89,286.54,0.25,RECIPIENT_02,True
DEMO_02640,TXN_00095064,2026-01-15 02:00:00,PAYMENT,22.75,172.7,149.95,0.0,RECIPIENT_09,True
DEMO_02640,TXN_00095065,2026-01-16 01:27:00,TRANSFER,16.69,250.18,233.49,0.0,RECIPIENT_13,True
DEMO_02640,TXN_00095066,2026-01-16 06:51:00,PAYMENT,19.02,302.17,283.15,0.0,RECIPIENT_02,True
DEMO_02640,TXN_00095067,2026-01-17 05:07:00,DEBIT,28.61,241.4,212.79,0.0,RECIPIENT_10,True
DEMO_02640,TXN_00095068,2026-01-17 18:41:00,TRANSFER,35.64,253.38,217.74,0.0,RECIPIENT_00,True
DEMO_02640,TXN_00095069,2026-01-18 03:43:00,TRANSFER,9.75,289.08,279.33,0.0,RECIPIENT_00,True
DEMO_02640,TXN_00095070,2026-01-18 21:20:00,TRANSFER,17.13,189.77,172.64,0.0,RECIPIENT_16,True
DEMO_02640,TXN_00095071,2026-01-19 23:45:00,DEBIT,17.11,347.72,330.61,0.0,RECIPIENT_14,True
DEMO_02640,TXN_00095073,2026-01-20 01:45:00,PAYMENT,25.15,317.72,292.56,0.0,RECIPIENT_12,True
DEMO_02640,TXN_00095074,2026-01-20 04:14:00,DEBIT,7.5,277.21,269.71,0.0,RECIPIENT_02,True
DEMO_02640,TXN_00095075,2026-01-20 16:24:00,PAYMENT_SEND,27.73,286.54,258.81,0.28,RECIPIENT_09,True
DEMO_02640,TXN_00095072,2026-01-20 21:53:00,CASH_IN,7.06,234.64,241.7,0.0,RECIPIENT_14,True
DEMO_02732,TXN_00098352,2026-01-01 18:11:00,CASH_OUT,34.01,147.72,113.7,0.34,RECIPIENT_06,True
DEMO_02732,TXN_00098353,2026-01-02 07:38:00,DEBIT,60.94,171.8,110.86,0.0,RECIPIENT_00,True
DEMO_02732,TXN_00098354,2026-01-02 12:22:00,CASH_OUT,47.38,105.05,57.67,0.47,RECIPIENT_01,True
DEMO_02732,TXN_00098355,2026-01-02 15:01:00,PAYMENT_SEND,30.08,134.53,104.44,0.3,RECIPIENT_01,True
DEMO_02732,TXN_00098357,2026-01-03 00:10:00,PAYMENT,51.01,91.49,40.48,0.0,RECIPIENT_09,True
DEMO_02732,TXN_00098356,2026-01-03 03:51:00,DEBIT,29.94,168.56,138.62,0.0,RECIPIENT_10,True
DEMO_02732,TXN_00098358,2026-01-04 11:47:00,CASH_IN,44.83,177.59,222.42,0.0,RECIPIENT_15,True
DEMO_02732,TXN_00098359,2026-01-05 00:56:00,DEBIT,50.16,191.38,141.22,0.0,RECIPIENT_02,True
DEMO_02732,TXN_00098361,2026-01-06 00:20:00,CASH_OUT,46.16,131.46,85.3,0.46,RECIPIENT_04,True
DEMO_02732,TXN_00098360,2026-01-06 20:02:00,CASH_OUT,29.28,143.12,113.84,0.29,RECIPIENT_00,True
DEMO_02732,TXN_00098362,2026-01-07 23:52:00,TRANSFER,71.04,184.36,113.31,0.0,RECIPIENT_12,True
DEMO_02732,TXN_00098363,2026-01-08 11:32:00,PAYMENT_SEND,34.79,140.84,106.05,0.35,RECIPIENT_13,True
DEMO_02732,TXN_00098364,2026-01-08 17:13:00,CASH_OUT,34.61,99.93,65.31,0.35,RECIPIENT_01,True
DEMO_02732,TXN_00098365,2026-01-08 18:29:00,TRANSFER,56.64,129.25,72.61,0.0,RECIPIENT_04,True
DEMO_02732,TXN_00098366,2026-01-09 09:26:00,DEBIT,58.77,169.46,110.69,0.0,RECIPIENT_02,True
DEMO_02732,TXN_00098367,2026-01-10 17:53:00,PAYMENT_SEND,51.99,192.58,140.59,0.52,RECIPIENT_05,True
DEMO_02732,TXN_00098368,2026-01-11 07:38:00,CASH_IN,53.92,166.81,220.73,0.0,RECIPIENT_02,True
DEMO_02732,TXN_00098369,2026-01-11 12:59:00,CASH_OUT,35.39,174.79,139.4,0.35,RECIPIENT_00,True
DEMO_02732,TXN_00098370,2026-01-11 14:22:00,PAYMENT_SEND,31.14,149.33,118.19,0.31,RECIPIENT_02,True
DEMO_02732,TXN_00098371,2026-01-11 19:53:00,PAYMENT_SEND,55.6,169.99,114.39,0.56,RECIPIENT_12,True
DEMO_02732,TXN_00098372,2026-01-12 05:57:00,DEBIT,12.53,117.09,104.57,0.0,RECIPIENT_16,True
DEMO_02732,TXN_00098373,2026-01-12 15:04:00,DEBIT,19.77,128.37,108.6,0.0,RECIPIENT_10,True
DEMO_02732,TXN_00098374,2026-01-14 04:03:00,DEBIT,11.78,132.23,120.45,0.0,RECIPIENT_03,True
DEMO_02732,TXN_00098375,2026-01-14 14:54:00,PAYMENT,26.92,217.26,190.35,0.0,RECIPIENT_03,True
DEMO_02732,TXN_00098376,2026-01-14 17:08:00,DEBIT,31.99,112.42,80.43,0.0,RECIPIENT_01,True
DEMO_02732,TXN_00098377,2026-01-14 21:37:00,CASH_OUT,18.35,199.75,181.4,0.25,RECIPIENT_08,True
DEMO_02732,TXN_00098378,2026-01-16 23:46:00,CASH_OUT,48.28,191.85,143.57,0.48,RECIPIENT_10,True
DEMO_02732,TXN_00098379,2026-01-17 01:26:00,DEBIT,37.11,252.6,215.49,0.0,RECIPIENT_14,True
DEMO_02732,TXN_00098380,2026-01-17 17:33:00,TRANSFER,29.34,161.56,132.22,0.0,RECIPIENT_03,True
DEMO_02732,TXN_00098381,2026-01-17 20:50:00,CASH_OUT,23.97,150.46,126.49,0.25,RECIPIENT_14,True
DEMO_02732,TXN_00098382,2026-01-18 13:44:00,CASH_IN,35.26,150.24,185.51,0.0,RECIPIENT_03,True
DEMO_02732,TXN_00098383,2026-01-19 04:15:00,CASH_OUT,28.87,262.13,233.26,0.29,RECIPIENT_03,True
DEMO_02732,TXN_00098384,2026-01-20 12:21:00,TRANSFER,16.3,266.44,250.15,0.0,RECIPIENT_10,True
DEMO_02732,TXN_00098385,2026-01-21 10:08:00,DEBIT,43.32,137.87,94.55,0.0,RECIPIENT_07,True
DEMO_02732,TXN_00098386,2026-01-21 19:07:00,TRANSFER,8.1,207.05,198.96,0.0,RECIPIENT_00,True
DEMO_02732,TXN_00098387,2026-01-22 02:37:00,PAYMENT_SEND,27.66,153.51,125.84,0.28,RECIPIENT_02,True
DEMO_02974,TXN_00107064,2026-01-01 17:20:00,TRANSFER,8.27,369.49,361.22,0.0,RECIPIENT_11,True
DEMO_02974,TXN_00107065,2026-01-03 06:15:00,DEBIT,12.13,282.7,270.57,0.0,RECIPIENT_13,True
DEMO_02974,TXN_00107066,2026-01-04 01:21:00,TRANSFER,11.92,334.28,322.36,0.0,RECIPIENT_11,True
DEMO_02974,TXN_00107067,2026-01-04 10:10:00,DEBIT,28.41,281.72,253.31,0.0,RECIPIENT_03,True
DEMO_02974,TXN_00107069,2026-01-05 08:54:00,TRANSFER,6.81,165.34,158.53,0.0,RECIPIENT_04,True
DEMO_02974,TXN_00107068,2026-01-05 22:57:00,TRANSFER,12.29,338.64,326.35,0.0,RECIPIENT_03,True
DEMO_02974,TXN_00107070,2026-01-06 02:15:00,DEBIT,26.53,205.6,179.07,0.0,RECIPIENT_07,True
DEMO_02974,TXN_00107071,2026-01-08 10:35:00,DEBIT,23.03,227.24,204.21,0.0,RECIPIENT_01,True
DEMO_02974,TXN_00107072,2026-01-08 17:24:00,DEBIT,16.94,273.61,256.68,0.0,RECIPIENT_11,True
DEMO_02974,TXN_00107073,2026-01-09 01:57:00,PAYMENT,27.26,232.88,205.63,0.0,RECIPIENT_03,True
DEMO_02974,TXN_00107074,2026-01-09 04:46:00,DEBIT,12.74,367.11,354.37,0.0,RECIPIENT_14,True
DEMO_02974,TXN_00107075,2026-01-09 21:02:00,TRANSFER,31.11,235.38,204.27,0.0,RECIPIENT_07,True
DEMO_02974,TXN_00107076,2026-01-10 11:42:00,DEBIT,18.64,377.17,358.53,0.0,RECIPIENT_09,True
DEMO_02974,TXN_00107077,2026-01-10 22:48:00,CASH_IN,35.59,245.95,281.54,0.0,RECIPIENT_04,True
DEMO_02974,TXN_00107078,2026-01-11 02:57:00,TRANSFER,26.07,247.98,221.91,0.0,RECIPIENT_07,True
DEMO_02974,TXN_00107079,2026-01-11 15:05:00,PAYMENT_SEND,8.45,197.22,188.76,0.25,RECIPIENT_13,True
DEMO_02974,TXN_00107080,2026-01-12 21:53:00,TRANSFER,15.82,237.24,221.42,0.0,RECIPIENT_06,True
DEMO_02974,TXN_00107081,2026-01-13 22:52:00,DEBIT,22.61,330.96,308.35,0.0,RECIPIENT_10,True
DEMO_02974,TXN_00107082,2026-01-14 19:37:00,CASH_IN,32.59,251.66,284.25,0.0,RECIPIENT_00,True
DEMO_02974,TXN_00107083,2026-01-15 11:12:00,PAYMENT,37.43,184.35,146.92,0.0,RECIPIENT_00,True
DEMO_02974,TXN_00107084,2026-01-16 01:27:00,TRANSFER,14.74,251.44,236.7,0.0,RECIPIENT_00,True
DEMO_02974,TXN_00107085,2026-01-16 21:46:00,TRANSFER,34.73,237.57,202.84,0.0,RECIPIENT_08,True
DEMO_02974,TXN_00107086,2026-01-17 01:09:00,PAYMENT,32.68,176.42,143.75,0.0,RECIPIENT_07,True
DEMO_02974,TXN_00107087,2026-01-17 05:02:00,TRANSFER,22.12,202.54,180.42,0.0,RECIPIENT_17,True
DEMO_02974,TXN_00107088,2026-01-17 19:39:00,DEBIT,55.4,256.45,201.05,0.0,RECIPIENT_00,True
DEMO_02974,TXN_00107089,2026-01-18 15:55:00,PAYMENT,46.67,290.72,244.05,0.0,RECIPIENT_02,True
DEMO_02974,TXN_00107090,2026-01-19 07:11:00,DEBIT,20.71,186.7,165.99,0.0,RECIPIENT_09,True
DEMO_02974,TXN_00107091,2026-01-20 14:44:00,TRANSFER,27.11,217.96,190.85,0.0,RECIPIENT_11,True
DEMO_02974,TXN_00107092,2026-01-21 08:27:00,CASH_IN,35.18,224.96,260.15,0.0,RECIPIENT_01,True
DEMO_02974,TXN_00107093,2026-01-21 11:36:00,DEBIT,82.05,258.86,176.8,0.0,RECIPIENT_04,True
DEMO_02974,TXN_00107094,2026-01-22 08:33:00,TRANSFER,18.85,245.71,226.86,0.0,RECIPIENT_00,True
DEMO_02974,TXN_00107095,2026-01-22 15:35:00,PAYMENT,41.93,194.63,152.7,0.0,RECIPIENT_04,True
DEMO_02974,TXN_00107096,2026-01-23 04:57:00,TRANSFER,45.34,174.01,128.67,0.0,RECIPIENT_04,True
DEMO_02974,TXN_00107097,2026-01-23 18:43:00,DEBIT,29.88,149.09,119.21,0.0,RECIPIENT_04,True
DEMO_02974,TXN_00107098,2026-01-24 09:21:00,PAYMENT_SEND,27.2,151.66,124.46,0.27,RECIPIENT_02,True
DEMO_02974,TXN_00107099,2026-01-24 10:29:00,TRANSFER,32.86,246.82,213.97,0.0,RECIPIENT_06,True
DEMO_02992,TXN_00107712,2026-01-01 01:17:00,PAYMENT_SEND,31.54,213.05,181.51,0.32,RECIPIENT_08,True
DEMO_02992,TXN_00107713,2026-01-02 09:33:00,DEBIT,28.33,137.92,109.59,0.0,RECIPIENT_04,True
DEMO_02992,TXN_00107714,2026-01-03 05:58:00,DEBIT,38.86,146.99,108.13,0.0,RECIPIENT_00,True
DEMO_02992,TXN_00107716,2026-01-04 01:08:00,TRANSFER,44.53,156.54,112.01,0.0,RECIPIENT_04,True
DEMO_02992,TXN_00107715,2026-01-04 10:34:00,DEBIT,52.79,166.83,114.04,0.0,RECIPIENT_03,True
DEMO_02992,TXN_00107717,2026-01-05 18:00:00,PAYMENT_SEND,25.47,206.99,181.53,0.25,RECIPIENT_03,True
DEMO_02992,TXN_00107718,2026-01-06 16:50:00,PAYMENT,40.57,194.31,153.74,0.0,RECIPIENT_06,True
DEMO_02992,TXN_00107719,2026-01-07 17:28:00,DEBIT,34.89,306.26,271.36,0.0,RECIPIENT_03,True
DEMO_02992,TXN_00107720,2026-01-07 19:23:00,TRANSFER,36.05,271.87,235.82,0.0,RECIPIENT_13,True
DEMO_02992,TXN_00107721,2026-01-08 22:44:00,TRANSFER,21.76,365.45,343.7,0.0,RECIPIENT_17,True
DEMO_02992,TXN_00107722,2026-01-09 03:14:00,PAYMENT_SEND,17.18,186.47,169.29,0.25,RECIPIENT_01,True
DEMO_02992,TXN_00107723,2026-01-09 19:47:00,PAYMENT,53.27,316.04,262.77,0.0,RECIPIENT_10,True
DEMO_02992,TXN_00107724,2026-01-10 16:02:00,DEBIT,19.87,291.83,271.96,0.0,RECIPIENT_01,True
DEMO_02992,TXN_00107725,2026-01-11 04:15:00,PAYMENT,31.97,236.13,204.15,0.0,RECIPIENT_01,True
DEMO_02992,TXN_00107726,2026-01-11 09:19:00,CASH_OUT,33.58,297.81,264.24,0.34,RECIPIENT_07,True
DEMO_02992,TXN_00107727,2026-01-12 09:21:00,PAYMENT,17.33,286.38,269.05,0.0,RECIPIENT_17,True
DEMO_02992,TXN_00107728,2026-01-12 13:01:00,TRANSFER,18.09,266.58,248.49,0.0,RECIPIENT_10,True
DEMO_02992,TXN_00107729,2026-01-12 19:41:00,TRANSFER,18.63,323.17,304.54,0.0,RECIPIENT_00,True
DEMO_02992,TXN_00107730,2026-01-13 08:11:00,PAYMENT,16.49,321.96,305.47,0.0,RECIPIENT_17,True
DEMO_02992,TXN_00107731,2026-01-13 17:14:00,PAYMENT_SEND,17.26,248.27,231.0,0.25,RECIPIENT_01,True
DEMO_02992,TXN_00107732,2026-01-14 02:46:00,CASH_OUT,18.21,402.23,384.02,0.25,RECIPIENT_00,True
DEMO_02992,TXN_00107733,2026-01-15 04:53:00,DEBIT,20.02,217.03,197.01,0.0,RECIPIENT_07,True
DEMO_02992,TXN_00107734,2026-01-15 15:25:00,DEBIT,30.28,193.33,163.05,0.0,RECIPIENT_00,True
DEMO_02992,TXN_00107735,2026-01-17 02:36:00,DEBIT,28.19,285.4,257.2,0.0,RECIPIENT_04,True
DEMO_02992,TXN_00107736,2026-01-17 10:59:00,CASH_OUT,10.22,380.54,370.32,0.25,RECIPIENT_02,True
DEMO_02992,TXN_00107737,2026-01-18 18:28:00,DEBIT,29.34,279.82,250.49,0.0,RECIPIENT_01,True
DEMO_02992,TXN_00107738,2026-01-19 18:06:00,DEBIT,10.47,223.93,213.46,0.0,RECIPIENT_00,True
DEMO_02992,TXN_00107739,2026-01-20 08:29:00,PAYMENT,9.42,254.7,245.29,0.0,RECIPIENT_04,True
DEMO_02992,TXN_00107740,2026-01-20 12:29:00,DEBIT,22.64,343.43,320.79,0.0,RECIPIENT_13,True
DEMO_02992,TXN_00107741,2026-01-20 20:08:00,CASH_OUT,10.11,320.32,310.21,0.25,RECIPIENT_00,True
DEMO_02992,TXN_00107743,2026-01-21 07:39:00,PAYMENT,15.0,320.65,305.65,0.0,RECIPIENT_13,True
DEMO_02992,TXN_00107744,2026-01-21 16:14:00,TRANSFER,10.1,185.18,175.08,0.0,RECIPIENT_07,True
DEMO_02992,TXN_00107742,2026-01-21 22:15:00,TRANSFER,9.39,284.31,274.93,0.0,RECIPIENT_04,True
DEMO_02992,TXN_00107746,2026-01-22 16:20:00,TRANSFER,12.74,348.34,335.6,0.0,RECIPIENT_02,True
DEMO_02992,TXN_00107745,2026-01-22 21:36:00,DEBIT,17.91,517.02,499.12,0.0,RECIPIENT_14,True
DEMO_02992,TXN_00107747,2026-01-24 11:42:00,PAYMENT,8.4,410.57,402.17,0.0,RECIPIENT_03,True
DEMO_03012,TXN_00108432,2026-01-01 20:17:00,TRANSFER,13.55,404.73,391.18,0.0,RECIPIENT_00,True
DEMO_03012,TXN_00108433,2026-01-02 09:33:00,PAYMENT,20.42,317.1,296.68,0.0,RECIPIENT_00,True
DEMO_03012,TXN_00108434,2026-01-03 00:29:00,CASH_OUT,14.69,334.32,319.62,0.25,RECIPIENT_02,True
DEMO_03012,TXN_00108435,2026-01-03 08:16:00,CASH_OUT,17.42,285.69,268.28,0.25,RECIPIENT_06,True
DEMO_03012,TXN_00108436,2026-01-03 14:41:00,TRANSFER,23.14,310.14,287.01,0.0,RECIPIENT_12,True
DEMO_03012,TXN_00108437,2026-01-03 17:44:00,DEBIT,41.89,319.4,277.51,0.0,RECIPIENT_11,True
DEMO_03012,TXN_00108438,2026-01-04 22:42:00,TRANSFER,17.55,319.9,302.35,0.0,RECIPIENT_00,True
DEMO_03012,TXN_00108439,2026-01-05 05:28:00,TRANSFER,26.76,364.19,337.43,0.0,RECIPIENT_08,True
DEMO_03012,TXN_00108440,2026-01-05 21:02:00,PAYMENT_SEND,15.39,254.42,239.03,0.25,RECIPIENT_11,True
DEMO_03012,TXN_00108441,2026-01-06 11:10:00,TRANSFER,29.09,515.31,486.23,0.0,RECIPIENT_07,True
DEMO_03012,TXN_00108442,2026-01-06 14:22:00,TRANSFER,23.19,428.81,405.62,0.0,RECIPIENT_05,True
DEMO_03012,TXN_00108443,2026-01-06 17:24:00,TRANSFER,27.44,349.69,322.25,0.0,RECIPIENT_03,True
DEMO_03012,TXN_00108444,2026-01-06 23:02:00,CASH_OUT,28.72,383.17,354.45,0.29,RECIPIENT_00,True
DEMO_03012,TXN_00108445,2026-01-07 06:12:00,TRANSFER,20.96,212.61,191.65,0.0,RECIPIENT_16,True
DEMO_03012,TXN_00108446,2026-01-08 20:37:00,CASH_IN,26.69,233.35,260.03,0.0,RECIPIENT_02,True
DEMO_03012,TXN_00108447,2026-01-09 07:19:00,TRANSFER,11.47,447.15,435.68,0.0,RECIPIENT_01,True
DEMO_03012,TXN_00108448,2026-01-09 19:01:00,PAYMENT_SEND,15.46,340.36,324.9,0.25,RECIPIENT_03,True
DEMO_03012,TXN_00108449,2026-01-09 22:17:00,DEBIT,26.8,286.32,259.52,0.0,RECIPIENT_00,True
DEMO_03012,TXN_00108450,2026-01-10 09:23:00,TRANSFER,16.94,250.93,233.99,0.0,RECIPIENT_00,True
DEMO_03012,TXN_00108451,2026-01-10 16:20:00,CASH_OUT,10.82,338.57,327.75,0.25,RECIPIENT_03,True
DEMO_03012,TXN_00108452,2026-01-11 07:46:00,CASH_OUT,35.27,262.87,227.61,0.35,RECIPIENT_05,True
DEMO_03012,TXN_00108453,2026-01-11 10:41:00,DEBIT,34.41,248.35,213.94,0.0,RECIPIENT_01,True
DEMO_03012,TXN_00108454,2026-01-12 06:07:00,PAYMENT,12.72,362.5,349.77,0.0,RECIPIENT_00,True
DEMO_03012,TXN_00108455,2026-01-12 15:17:00,PAYMENT_SEND,21.37,257.44,236.07,0.25,RECIPIENT_13,True
DEMO_03012,TXN_00108456,2026-01-12 21:16:00,TRANSFER,27.81,312.4,284.6,0.0,RECIPIENT_00,True
DEMO_03012,TXN_00108457,2026-01-13 07:32:00,DEBIT,22.81,405.45,382.64,0.0,RECIPIENT_15,True
DEMO_03012,TXN_00108458,2026-01-14 01:44:00,TRANSFER,23.25,346.94,323.69,0.0,RECIPIENT_07,True
DEMO_03012,TXN_00108459,2026-01-14 11:34:00,CASH_IN,37.05,320.8,357.86,0.0,RECIPIENT_02,True
DEMO_03012,TXN_00108460,2026-01-14 21:17:00,TRANSFER,20.83,490.51,469.68,0.0,RECIPIENT_10,True
DEMO_03012,TXN_00108461,2026-01-16 00:02:00,CASH_IN,23.85,279.48,303.32,0.0,RECIPIENT_04,True
DEMO_03012,TXN_00108462,2026-01-16 17:45:00,DEBIT,22.14,217.25,195.11,0.0,RECIPIENT_03,True
DEMO_03012,TXN_00108463,2026-01-17 22:04:00,CASH_OUT,32.32,212.8,180.48,0.32,RECIPIENT_09,True
DEMO_03012,TXN_00108464,2026-01-18 03:04:00,DEBIT,22.62,388.18,365.56,0.0,RECIPIENT_13,True
DEMO_03012,TXN_00108465,2026-01-18 07:32:00,DEBIT,19.69,448.29,428.6,0.0,RECIPIENT_05,True
DEMO_03012,TXN_00108466,2026-01-18 08:09:00,PAYMENT_SEND,16.82,425.54,408.72,0.25,RECIPIENT_12,True
DEMO_03012,TXN_00108467,2026-01-18 15:02:00,PAYMENT_SEND,20.45,240.42,219.98,0.25,RECIPIENT_03,True
DEMO_03169,TXN_00114085,2026-01-02 09:49:00,TRANSFER,5.99,353.49,347.5,0.0,RECIPIENT_03,True
DEMO_03169,TXN_00114086,2026-01-02 11:05:00,TRANSFER,11.13,564.68,553.55,0.0,RECIPIENT_06,True
DEMO_03169,TXN_00114084,2026-01-02 21:15:00,PAYMENT_SEND,2.45,345.7,343.25,0.25,RECIPIENT_02,True
DEMO_03169,TXN_00114087,2026-01-03 21:08:00,CASH_IN,2.91,684.09,687.0,0.0,RECIPIENT_13,True
DEMO_03169,TXN_00114088,2026-01-03 22:24:00,PAYMENT,13.89,510.96,497.07,0.0,RECIPIENT_06,True
DEMO_03169,TXN_00114090,2026-01-04 05:43:00,TRANSFER,4.48,476.02,471.54,0.0,RECIPIENT_07,True
DEMO_03169,TXN_00114091,2026-01-04 19:22:00,CASH_OUT,14.78,481.17,466.39,0.25,RECIPIENT_16,True
DEMO_03169,TXN_00114089,2026-01-04 20:31:00,CASH_IN,16.58,514.36,530.94,0.0,RECIPIENT_06,True
DEMO_03169,TXN_00114093,2026-01-07 08:30:00,DEBIT,11.02,324.42,313.4,0.0,RECIPIENT_00,True
DEMO_03169,TXN_00114094,2026-01-07 15:53:00,DEBIT,5.28,387.76,382.48,0.0,RECIPIENT_09,True
DEMO_03169,TXN_00114092,2026-01-07 23:30:00,TRANSFER,12.88,470.58,457.7,0.0,RECIPIENT_01,True
DEMO_03169,TXN_00114095,2026-01-08 13:39:00,DEBIT,4.48,343.98,339.5,0.0,RECIPIENT_00,True
DEMO_03169,TXN_00114096,2026-01-08 18:51:00,PAYMENT,8.66,447.21,438.55,0.0,RECIPIENT_09,True
DEMO_03169,TXN_00114097,2026-01-11 05:11:00,TRANSFER,14.5,334.09,319.59,0.0,RECIPIENT_17,True
DEMO_03169,TXN_00114098,2026-01-11 18:38:00,TRANSFER,16.87,399.44,382.56,0.0,RECIPIENT_11,True
DEMO_03169,TXN_00114100,2026-01-13 03:51:00,DEBIT,29.9,484.33,454.43,0.0,RECIPIENT_05,True
DEMO_03169,TXN_00114099,2026-01-13 23:31:00,PAYMENT_SEND,15.23,442.0,426.77,0.25,RECIPIENT_02,True
DEMO_03169,TXN_00114101,2026-01-14 02:31:00,CASH_OUT,14.13,275.42,261.29,0.25,RECIPIENT_04,True
DEMO_03169,TXN_00114102,2026-01-14 18:41:00,CASH_IN,28.55,407.89,436.44,0.0,RECIPIENT_04,True
DEMO_03169,TXN_00114103,2026-01-15 07:52:00,TRANSFER,14.56,249.8,235.24,0.0,RECIPIENT_03,True
DEMO_03169,TXN_00114104,2026-01-15 15:38:00,CASH_OUT,44.87,380.66,335.79,0.45,RECIPIENT_02,True
DEMO_03169,TXN_00114105,2026-01-15 18:06:00,PAYMENT_SEND,22.96,378.72,355.75,0.25,RECIPIENT_17,True
DEMO_03169,TXN_00114106,2026-01-16 01:56:00,PAYMENT,14.62,368.54,353.93,0.0,RECIPIENT_14,True
DEMO_03169,TXN_00114107,2026-01-16 08:31:00,DEBIT,19.32,323.74,304.42,0.0,RECIPIENT_15,True
DEMO_03169,TXN_00114108,2026-01-16 16:46:00,DEBIT,20.38,240.32,219.94,0.0,RECIPIENT_01,True
DEMO_03169,TXN_00114109,2026-01-17 03:16:00,CASH_OUT,20.37,315.91,295.54,0.25,RECIPIENT_00,True
DEMO_03169,TXN_00114110,2026-01-17 16:10:00,PAYMENT_SEND,20.45,349.79,329.34,0.25,RECIPIENT_00,True
DEMO_03169,TXN_00114111,2026-01-18 06:30:00,TRANSFER,22.33,273.72,251.4,0.0,RECIPIENT_16,True
DEMO_03169,TXN_00114112,2026-01-18 16:51:00,TRANSFER,34.95,266.45,231.5,0.0,RECIPIENT_03,True
DEMO_03169,TXN_00114113,2026-01-19 20:48:00,DEBIT,16.7,272.23,255.53,0.0,RECIPIENT_03,True
DEMO_03169,TXN_00114114,2026-01-20 16:04:00,TRANSFER,35.7,324.63,288.94,0.0,RECIPIENT_03,True
DEMO_03169,TXN_00114115,2026-01-20 20:50:00,DEBIT,29.86,248.53,218.67,0.0,RECIPIENT_00,True
DEMO_03169,TXN_00114116,2026-01-21 05:48:00,CASH_IN,30.39,189.65,220.04,0.0,RECIPIENT_01,True
DEMO_03169,TXN_00114117,2026-01-21 23:42:00,DEBIT,38.51,274.01,235.5,0.0,RECIPIENT_03,True
DEMO_03169,TXN_00114118,2026-01-22 08:04:00,TRANSFER,28.86,208.14,179.28,0.0,RECIPIENT_01,True
DEMO_03169,TXN_00114119,2026-01-22 21:38:00,DEBIT,37.52,209.9,172.37,0.0,RECIPIENT_04,True
DEMO_03178,TXN_00114408,2026-01-01 13:19:00,CASH_IN,41.06,152.39,193.45,0.0,RECIPIENT_00,True
DEMO_03178,TXN_00114409,2026-01-02 02:16:00,DEBIT,39.07,211.8,172.74,0.0,RECIPIENT_17,True
DEMO_03178,TXN_00114410,2026-01-02 23:37:00,TRANSFER,26.19,148.02,121.83,0.0,RECIPIENT_07,True
DEMO_03178,TXN_00114411,2026-01-04 14:28:00,PAYMENT_SEND,14.7,244.1,229.4,0.25,RECIPIENT_00,True
DEMO_03178,TXN_00114412,2026-01-07 01:51:00,CASH_IN,29.31,185.63,214.93,0.0,RECIPIENT_00,True
DEMO_03178,TXN_00114413,2026-01-07 23:13:00,CASH_IN,22.26,257.73,279.99,0.0,RECIPIENT_05,True
DEMO_03178,TXN_00114414,2026-01-08 16:13:00,PAYMENT,29.59,196.09,166.5,0.0,RECIPIENT_00,True
DEMO_03178,TXN_00114415,2026-01-09 12:47:00,CASH_OUT,30.1,162.67,132.57,0.3,RECIPIENT_12,True
DEMO_03178,TXN_00114416,2026-01-09 18:54:00,DEBIT,27.19,214.33,187.14,0.0,RECIPIENT_14,True
DEMO_03178,TXN_00114417,2026-01-10 04:55:00,TRANSFER,24.05,148.94,124.9,0.0,RECIPIENT_16,True
DEMO_03178,TXN_00114418,2026-01-12 10:15:00,TRANSFER,22.21,235.45,213.25,0.0,RECIPIENT_05,True
DEMO_03178,TXN_00114419,2026-01-12 23:39:00,CASH_IN,49.82,172.7,222.53,0.0,RECIPIENT_11,True
DEMO_03178,TXN_00114420,2026-01-14 03:50:00,TRANSFER,29.38,218.25,188.86,0.0,RECIPIENT_04,True
DEMO_03178,TXN_00114421,2026-01-14 06:58:00,CASH_IN,31.49,270.0,301.49,0.0,RECIPIENT_09,True
DEMO_03178,TXN_00114422,2026-01-15 01:25:00,TRANSFER,58.21,146.61,88.4,0.0,RECIPIENT_10,True
DEMO_03178,TXN_00114423,2026-01-16 03:45:00,CASH_IN,25.02,200.6,225.62,0.0,RECIPIENT_05,True
DEMO_03178,TXN_00114424,2026-01-16 12:32:00,CASH_OUT,14.7,209.27,194.57,0.25,RECIPIENT_02,True
DEMO_03178,TXN_00114425,2026-01-18 02:44:00,CASH_OUT,41.35,214.86,173.51,0.41,RECIPIENT_07,True
DEMO_03178,TXN_00114426,2026-01-18 10:45:00,PAYMENT,15.8,255.86,240.05,0.0,RECIPIENT_04,True
DEMO_03178,TXN_00114427,2026-01-18 20:21:00,TRANSFER,33.94,403.1,369.16,0.0,RECIPIENT_03,True
DEMO_03178,TXN_00114428,2026-01-18 23:52:00,TRANSFER,14.64,157.48,142.84,0.0,RECIPIENT_00,True
DEMO_03178,TXN_00114429,2026-01-19 07:57:00,CASH_OUT,21.91,220.21,198.29,0.25,RECIPIENT_00,True
DEMO_03178,TXN_00114430,2026-01-19 19:29:00,CASH_OUT,32.54,257.18,224.64,0.33,RECIPIENT_04,True
DEMO_03178,TXN_00114431,2026-01-20 14:21:00,TRANSFER,40.43,205.63,165.21,0.0,RECIPIENT_00,True
DEMO_03178,TXN_00114432,2026-01-21 03:08:00,DEBIT,17.65,238.12,220.47,0.0,RECIPIENT_11,True
DEMO_03178,TXN_00114433,2026-01-21 06:37:00,DEBIT,29.31,181.28,151.97,0.0,RECIPIENT_10,True
DEMO_03178,TXN_00114434,2026-01-21 15:07:00,DEBIT,17.64,200.14,182.5,0.0,RECIPIENT_14,True
DEMO_03178,TXN_00114436,2026-01-22 05:18:00,TRANSFER,29.32,276.18,246.86,0.0,RECIPIENT_02,True
DEMO_03178,TXN_00114435,2026-01-22 23:10:00,TRANSFER,39.43,212.99,173.55,0.0,RECIPIENT_06,True
DEMO_03178,TXN_00114437,2026-01-23 04:18:00,DEBIT,20.03,236.22,216.19,0.0,RECIPIENT_08,True
DEMO_03178,TXN_00114438,2026-01-23 20:13:00,CASH_IN,20.61,257.82,278.42,0.0,RECIPIENT_07,True
DEMO_03178,TXN_00114439,2026-01-24 22:05:00,DEBIT,23.18,292.42,269.24,0.0,RECIPIENT_02,True
DEMO_03178,TXN_00114440,2026-01-25 03:47:00,PAYMENT,25.85,337.63,311.78,0.0,RECIPIENT_07,True
DEMO_03178,TXN_00114441,2026-01-25 16:56:00,DEBIT,24.62,229.85,205.24,0.0,RECIPIENT_02,True
DEMO_03178,TXN_00114442,2026-01-26 13:24:00,DEBIT,25.36,251.8,226.44,0.0,RECIPIENT_00,True
DEMO_03178,TXN_00114443,2026-01-27 09:38:00,DEBIT,14.11,317.94,303.82,0.0,RECIPIENT_05,True
DEMO_03250,TXN_00117000,2026-01-01 20:16:00,TRANSFER,62.25,108.69,46.45,0.0,RECIPIENT_02,True
DEMO_03250,TXN_00117001,2026-01-02 23:12:00,CASH_OUT,45.26,170.07,124.81,0.45,RECIPIENT_04,True
DEMO_03250,TXN_00117002,2026-01-03 16:04:00,CASH_OUT,28.43,226.66,198.23,0.28,RECIPIENT_02,True
DEMO_03250,TXN_00117003,2026-01-06 13:00:00,CASH_OUT,43.24,287.38,244.15,0.43,RECIPIENT_09,True
DEMO_03250,TXN_00117004,2026-01-07 02:49:00,DEBIT,38.63,195.35,156.72,0.0,RECIPIENT_02,True
DEMO_03250,TXN_00117005,2026-01-07 23:51:00,PAYMENT,37.03,176.77,139.74,0.0,RECIPIENT_04,True
DEMO_03250,TXN_00117006,2026-01-09 00:01:00,TRANSFER,31.41,145.69,114.29,0.0,RECIPIENT_03,True
DEMO_03250,TXN_00117008,2026-01-10 00:05:00,DEBIT,45.17,149.18,104.02,0.0,RECIPIENT_04,True
DEMO_03250,TXN_00117007,2026-01-10 09:07:00,CASH_OUT,19.5,201.69,182.18,0.25,RECIPIENT_02,True
DEMO_03250,TXN_00117009,2026-01-12 03:10:00,DEBIT,32.61,240.0,207.39,0.0,RECIPIENT_05,True
DEMO_03250,TXN_00117010,2026-01-12 19:34:00,DEBIT,38.91,191.08,152.18,0.0,RECIPIENT_02,True
DEMO_03250,TXN_00117011,2026-01-13 05:46:00,PAYMENT,40.66,114.14,73.48,0.0,RECIPIENT_10,True
DEMO_03250,TXN_00117012,2026-01-14 05:19:00,CASH_OUT,22.46,187.07,164.61,0.25,RECIPIENT_12,True
DEMO_03250,TXN_00117013,2026-01-15 06:33:00,PAYMENT_SEND,54.07,205.46,151.39,0.54,RECIPIENT_05,True
DEMO_03250,TXN_00117014,2026-01-15 13:15:00,PAYMENT_SEND,42.47,188.21,145.74,0.42,RECIPIENT_13,True
DEMO_03250,TXN_00117015,2026-01-16 10:10:00,PAYMENT,28.58,233.29,204.71,0.0,RECIPIENT_16,True
DEMO_03250,TXN_00117016,2026-01-16 15:52:00,DEBIT,48.55,234.48,185.93,0.0,RECIPIENT_17,True
DEMO_03250,TXN_00117017,2026-01-18 20:19:00,PAYMENT,39.67,176.02,136.35,0.0,RECIPIENT_01,True
DEMO_03250,TXN_00117018,2026-01-19 14:04:00,DEBIT,22.33,183.45,161.12,0.0,RECIPIENT_04,True
DEMO_03250,TXN_00117019,2026-01-20 03:47:00,CASH_OUT,31.87,180.01,148.14,0.32,RECIPIENT_06,True
DEMO_03250,TXN_00117020,2026-01-20 20:31:00,CASH_OUT,43.59,169.18,125.59,0.44,RECIPIENT_03,True
DEMO_03250,TXN_00117021,2026-01-21 04:51:00,TRANSFER,15.55,361.13,345.58,0.0,RECIPIENT_04,True
DEMO_03250,TXN_00117022,2026-01-21 21:28:00,TRANSFER,53.77,148.27,94.5,0.0,RECIPIENT_00,True
DEMO_03250,TXN_00117023,2026-01-22 00:24:00,DEBIT,47.04,158.89,111.85,0.0,RECIPIENT_04,True
DEMO_03250,TXN_00117024,2026-01-23 06:23:00,TRANSFER,20.69,218.43,197.74,0.0,RECIPIENT_02,True
DEMO_03250,TXN_00117025,2026-01-23 15:34:00,DEBIT,30.47,228.02,197.55,0.0,RECIPIENT_03,True
DEMO_03250,TXN_00117026,2026-01-24 04:36:00,PAYMENT,21.86,157.83,135.97,0.0,RECIPIENT_04,True
DEMO_03250,TXN_00117027,2026-01-24 20:25:00,TRANSFER,25.04,245.04,219.99,0.0,RECIPIENT_13,True
DEMO_03250,TXN_00117028,2026-01-24 21:57:00,PAYMENT,27.52,340.3,312.78,0.0,RECIPIENT_03,True
DEMO_03250,TXN_00117029,2026-01-25 12:07:00,PAYMENT_SEND,28.07,210.27,182.2,0.28,RECIPIENT_09,True
DEMO_03250,TXN_00117030,2026-01-26 06:53:00,PAYMENT,16.65,203.27,186.62,0.0,RECIPIENT_13,True
DEMO_03250,TXN_00117031,2026-01-26 14:19:00,CASH_OUT,18.71,324.6,305.89,0.25,RECIPIENT_00,True
DEMO_03250,TXN_00117032,2026-01-28 02:16:00,TRANSFER,16.54,296.37,279.83,0.0,RECIPIENT_02,True
DEMO_03250,TXN_00117033,2026-01-29 09:01:00,CASH_IN,11.15,210.26,221.41,0.0,RECIPIENT_12,True
DEMO_03250,TXN_00117034,2026-01-30 01:52:00,CASH_IN,19.28,268.29,287.57,0.0,RECIPIENT_00,True
DEMO_03250,TXN_00117035,2026-01-30 20:29:00,CASH_OUT,31.1,217.3,186.21,0.31,RECIPIENT_04,True
DEMO_03299,TXN_00118764,2026-01-02 03:52:00,PAYMENT,26.74,154.39,127.65,0.0,RECIPIENT_04,True
DEMO_03299,TXN_00118765,2026-01-04 16:58:00,PAYMENT_SEND,30.52,195.67,165.15,0.31,RECIPIENT_00,True
DEMO_03299,TXN_00118766,2026-01-04 23:06:00,DEBIT,35.29,225.26,189.97,0.0,RECIPIENT_07,True
DEMO_03299,TXN_00118767,2026-01-05 11:41:00,CASH_IN,44.24,179.63,223.87,0.0,RECIPIENT_05,True
DEMO_03299,TXN_00118768,2026-01-06 15:31:00,DEBIT,43.64,195.55,151.91,0.0,RECIPIENT_06,True
DEMO_03299,TXN_00118769,2026-01-06 22:19:00,CASH_OUT,35.12,232.09,196.97,0.35,RECIPIENT_06,True
DEMO_03299,TXN_00118770,2026-01-07 10:41:00,TRANSFER,34.83,207.76,172.93,0.0,RECIPIENT_04,True
DEMO_03299,TXN_00118771,2026-01-08 02:12:00,DEBIT,28.68,149.48,120.8,0.0,RECIPIENT_03,True
DEMO_03299,TXN_00118772,2026-01-08 15:38:00,TRANSFER,19.98,260.44,240.46,0.0,RECIPIENT_09,True
DEMO_03299,TXN_00118773,2026-01-09 05:04:00,DEBIT,36.22,192.99,156.77,0.0,RECIPIENT_12,True
DEMO_03299,TXN_00118774,2026-01-10 02:21:00,CASH_OUT,28.67,182.74,154.06,0.29,RECIPIENT_01,True
DEMO_03299,TXN_00118775,2026-01-10 15:32:00,DEBIT,28.2,246.88,218.68,0.0,RECIPIENT_15,True
DEMO_03299,TXN_00118777,2026-01-11 00:43:00,CASH_OUT,35.02,232.18,197.16,0.35,RECIPIENT_11,True
DEMO_03299,TXN_00118776,2026-01-11 03:57:00,PAYMENT_SEND,17.21,157.33,140.12,0.25,RECIPIENT_14,True
DEMO_03299,TXN_00118778,2026-01-12 20:47:00,CASH_OUT,23.26,177.65,154.38,0.25,RECIPIENT_14,True
DEMO_03299,TXN_00118779,2026-01-12 22:03:00,DEBIT,17.19,392.71,375.52,0.0,RECIPIENT_03,True
DEMO_03299,TXN_00118780,2026-01-13 13:18:00,CASH_OUT,46.63,230.57,183.94,0.47,RECIPIENT_02,True
DEMO_03299,TXN_00118781,2026-01-14 21:29:00,CASH_OUT,67.08,301.04,233.97,0.67,RECIPIENT_01,True
DEMO_03299,TXN_00118782,2026-01-15 07:59:00,PAYMENT_SEND,31.83,354.36,322.53,0.32,RECIPIENT_11,True
DEMO_03299,TXN_00118783,2026-01-16 08:50:00,PAYMENT,29.36,316.79,287.43,0.0,RECIPIENT_02,True
DEMO_03299,TXN_00118784,2026-01-16 16:54:00,TRANSFER,27.27,172.46,145.18,0.0,RECIPIENT_02,True
DEMO_03299,TXN_00118785,2026-01-16 23:14:00,DEBIT,9.92,291.83,281.91,0.0,RECIPIENT_01,True
DEMO_03299,TXN_00118787,2026-01-18 08:45:00,DEBIT,35.05,229.79,194.74,0.0,RECIPIENT_01,True
DEMO_03299,TXN_00118786,2026-01-18 23:21:00,TRANSFER,10.14,372.11,361.97,0.0,RECIPIENT_06,True
DEMO_03299,TXN_00118788,2026-01-19 03:47:00,DEBIT,13.59,233.3,219.71,0.0,RECIPIENT_11,True
DEMO_03299,TXN_00118789,2026-01-19 17:24:00,DEBIT,26.61,354.49,327.88,0.0,RECIPIENT_11,True
DEMO_03299,TXN_00118791,2026-01-20 03:19:00,CASH_IN,5.02,244.04,249.06,0.0,RECIPIENT_14,True
DEMO_03299,TXN_00118790,2026-01-20 23:45:00,CASH_OUT,19.94,220.03,200.09,0.25,RECIPIENT_14,True
DEMO_03299,TXN_00118792,2026-01-21 00:46:00,DEBIT,20.7,260.9,240.21,0.0,RECIPIENT_15,True
DEMO_03299,TXN_00118793,2026-01-21 22:49:00,CASH_IN,34.5,261.77,296.27,0.0,RECIPIENT_05,True
DEMO_03299,TXN_00118794,2026-01-23 19:07:00,PAYMENT,10.34,293.91,283.58,0.0,RECIPIENT_14,True
DEMO_03299,TXN_00118795,2026-01-24 11:34:00,TRANSFER,20.76,545.68,524.92,0.0,RECIPIENT_03,True
DEMO_03299,TXN_00118796,2026-01-24 19:42:00,CASH_OUT,42.05,369.38,327.33,0.42,RECIPIENT_00,True
DEMO_03299,TXN_00118797,2026-01-25 15:45:00,CASH_OUT,47.92,344.69,296.77,0.48,RECIPIENT_04,True
DEMO_03299,TXN_00118798,2026-01-26 06:02:00,CASH_OUT,7.19,309.61,302.41,0.25,RECIPIENT_02,True
DEMO_03299,TXN_00118799,2026-01-26 09:24:00,CASH_OUT,15.12,299.33,284.2,0.25,RECIPIENT_00,True
DEMO_03434,TXN_00123624,2026-01-02 20:29:00,DEBIT,4.08,355.96,351.88,0.0,RECIPIENT_01,True
DEMO_03434,TXN_00123625,2026-01-03 19:38:00,DEBIT,6.11,482.1,475.99,0.0,RECIPIENT_00,True
DEMO_03434,TXN_00123626,2026-01-05 07:49:00,PAYMENT_SEND,26.08,251.46,225.38,0.26,RECIPIENT_08,True
DEMO_03434,TXN_00123627,2026-01-06 05:50:00,PAYMENT,15.36,284.3,268.94,0.0,RECIPIENT_01,True
DEMO_03434,TXN_00123628,2026-01-06 12:45:00,TRANSFER,21.33,332.63,311.3,0.0,RECIPIENT_00,True
DEMO_03434,TXN_00123629,2026-01-07 06:33:00,CASH_IN,12.67,490.54,503.21,0.0,RECIPIENT_04,True
DEMO_03434,TXN_00123630,2026-01-07 11:33:00,TRANSFER,10.96,592.28,581.32,0.0,RECIPIENT_11,True
DEMO_03434,TXN_00123631,2026-01-07 15:30:00,TRANSFER,8.09,530.95,522.86,0.0,RECIPIENT_11,True
DEMO_03434,TXN_00123632,2026-01-08 07:44:00,CASH_OUT,10.12,405.23,395.1,0.25,RECIPIENT_00,True
DEMO_03434,TXN_00123633,2026-01-08 13:55:00,DEBIT,14.16,405.51,391.35,0.0,RECIPIENT_01,True
DEMO_03434,TXN_00123634,2026-01-08 22:31:00,TRANSFER,15.47,264.2,248.73,0.0,RECIPIENT_01,True
DEMO_03434,TXN_00123635,2026-01-09 15:40:00,DEBIT,17.32,373.69,356.36,0.0,RECIPIENT_14,True
DEMO_03434,TXN_00123636,2026-01-10 10:31:00,DEBIT,17.98,447.53,429.55,0.0,RECIPIENT_00,True
DEMO_03434,TXN_00123638,2026-01-11 07:49:00,TRANSFER,26.61,361.23,334.62,0.0,RECIPIENT_02,True
DEMO_03434,TXN_00123639,2026-01-11 14:15:00,TRANSFER,22.09,561.06,538.97,0.0,RECIPIENT_00,True
DEMO_03434,TXN_00123637,2026-01-11 23:44:00,TRANSFER,19.85,384.55,364.7,0.0,RECIPIENT_00,True
DEMO_03434,TXN_00123640,2026-01-12 10:57:00,DEBIT,14.19,279.63,265.44,0.0,RECIPIENT_11,True
DEMO_03434,TXN_00123641,2026-01-13 05:32:00,PAYMENT_SEND,15.98,472.6,456.62,0.25,RECIPIENT_02,True
DEMO_03434,TXN_00123642,2026-01-13 12:43:00,CASH_OUT,14.12,380.81,366.69,0.25,RECIPIENT_00,True
DEMO_03434,TXN_00123643,2026-01-14 00:09:00,CASH_IN,8.32,343.79,352.11,0.0,RECIPIENT_02,True
DEMO_03434,TXN_00123644,2026-01-14 10:30:00,DEBIT,15.4,433.44,418.05,0.0,RECIPIENT_06,True
DEMO_03434,TXN_00123645,2026-01-15 06:31:00,TRANSFER,11.94,326.59,314.64,0.0,RECIPIENT_16,True
DEMO_03434,TXN_00123646,2026-01-15 19:35:00,PAYMENT_SEND,14.73,293.41,278.68,0.25,RECIPIENT_08,True
DEMO_03434,TXN_00123647,2026-01-16 09:15:00,PAYMENT_SEND,19.25,290.89,271.64,0.25,RECIPIENT_01,True
DEMO_03434,TXN_00123648,2026-01-16 15:53:00,TRANSFER,13.96,485.5,471.54,0.0,RECIPIENT_07,True
DEMO_03434,TXN_00123649,2026-01-17 05:36:00,DEBIT,17.57,240.8,223.23,0.0,RECIPIENT_12,True
DEMO_03434,TXN_00123650,2026-01-17 07:50:00,TRANSFER,7.3,290.23,282.93,0.0,RECIPIENT_07,True
DEMO_03434,TXN_00123651,2026-01-17 20:55:00,DEBIT,9.62,270.67,261.05,0.0,RECIPIENT_04,True
DEMO_03434,TXN_00123652,2026-01-17 23:57:00,DEBIT,25.05,360.17,335.12,0.0,RECIPIENT_15,True
DEMO_03434,TXN_00123653,2026-01-18 20:56:00,CASH_OUT,31.21,402.39,371.18,0.31,RECIPIENT_01,True
DEMO_03434,TXN_00123654,2026-01-19 17:21:00,TRANSFER,26.62,279.08,252.46,0.0,RECIPIENT_00,True
DEMO_03434,TXN_00123655,2026-01-20 13:31:00,CASH_OUT,14.3,338.92,324.61,0.25,RECIPIENT_04,True
DEMO_03434,TXN_00123656,2026-01-21 12:54:00,CASH_IN,13.88,237.67,251.54,0.0,RECIPIENT_08,True
DEMO_03434,TXN_00123657,2026-01-22 08:16:00,DEBIT,20.32,426.25,405.93,0.0,RECIPIENT_11,True
DEMO_03434,TXN_00123658,2026-01-22 18:02:00,TRANSFER,26.54,260.16,233.62,0.0,RECIPIENT_01,True
DEMO_03434,TXN_00123659,2026-01-23 03:22:00,TRANSFER,27.51,433.74,406.23,0.0,RECIPIENT_04,True
DEMO_03487,TXN_00125532,2026-01-02 09:51:00,TRANSFER,14.2,203.09,188.9,0.0,RECIPIENT_02,True
DEMO_03487,TXN_00125533,2026-01-02 13:14:00,TRANSFER,53.86,302.38,248.52,0.0,RECIPIENT_03,True
DEMO_03487,TXN_00125534,2026-01-03 00:23:00,TRANSFER,10.59,374.26,363.67,0.0,RECIPIENT_09,True
DEMO_03487,TXN_00125535,2026-01-03 12:54:00,DEBIT,55.2,377.72,322.53,0.0,RECIPIENT_02,True
DEMO_03487,TXN_00125536,2026-01-04 01:27:00,TRANSFER,37.38,279.81,242.42,0.0,RECIPIENT_14,True
DEMO_03487,TXN_00125537,2026-01-04 20:47:00,CASH_OUT,33.28,259.38,226.11,0.33,RECIPIENT_00,True
DEMO_03487,TXN_00125538,2026-01-05 20:45:00,PAYMENT,34.88,190.38,155.5,0.0,RECIPIENT_01,True
DEMO_03487,TXN_00125539,2026-01-07 01:59:00,CASH_OUT,25.14,172.33,147.19,0.25,RECIPIENT_06,True
DEMO_03487,TXN_00125540,2026-01-07 21:06:00,DEBIT,19.72,188.04,168.33,0.0,RECIPIENT_03,True
DEMO_03487,TXN_00125541,2026-01-08 14:17:00,TRANSFER,19.36,267.35,247.99,0.0,RECIPIENT_04,True
DEMO_03487,TXN_00125542,2026-01-08 18:43:00,TRANSFER,21.54,344.32,322.78,0.0,RECIPIENT_00,True
DEMO_03487,TXN_00125543,2026-01-10 13:18:00,TRANSFER,20.8,299.82,279.02,0.0,RECIPIENT_13,True
DEMO_03487,TXN_00125544,2026-01-11 05:43:00,DEBIT,30.59,196.82,166.23,0.0,RECIPIENT_03,True
DEMO_03487,TXN_00125545,2026-01-11 23:08:00,TRANSFER,24.72,209.99,185.28,0.0,RECIPIENT_05,True
DEMO_03487,TXN_00125546,2026-01-12 09:32:00,TRANSFER,17.36,185.25,167.89,0.0,RECIPIENT_13,True
DEMO_03487,TXN_00125547,2026-01-12 12:45:00,CASH_OUT,21.96,185.47,163.5,0.25,RECIPIENT_01,True
DEMO_03487,TXN_00125548,2026-01-13 00:13:00,DEBIT,21.17,197.36,176.19,0.0,RECIPIENT_05,True
DEMO_03487,TXN_00125549,2026-01-14 10:46:00,CASH_IN,25.61,162.48,188.09,0.0,RECIPIENT_01,True
DEMO_03487,TXN_00125550,2026-01-16 01:23:00,TRANSFER,15.89,271.78,255.89,0.0,RECIPIENT_00,True
DEMO_03487,TXN_00125551,2026-01-17 08:31:00,TRANSFER,19.04,245.56,226.52,0.0,RECIPIENT_00,True
DEMO_03487,TXN_00125552,2026-01-17 13:26:00,DEBIT,21.14,249.49,228.35,0.0,RECIPIENT_10,True
DEMO_03487,TXN_00125553,2026-01-17 20:01:00,CASH_OUT,28.43,344.47,316.05,0.28,RECIPIENT_01,True
DEMO_03487,TXN_00125554,2026-01-18 11:21:00,TRANSFER,28.09,243.1,215.01,0.0,RECIPIENT_06,True
DEMO_03487,TXN_00125555,2026-01-19 14:12:00,TRANSFER,26.14,271.97,245.83,0.0,RECIPIENT_00,True
DEMO_03487,TXN_00125556,2026-01-20 02:07:00,DEBIT,55.48,242.04,186.56,0.0,RECIPIENT_00,True
DEMO_03487,TXN_00125557,2026-01-21 07:48:00,CASH_OUT,31.44,284.29,252.85,0.31,RECIPIENT_01,True
DEMO_03487,TXN_00125558,2026-01-22 11:14:00,DEBIT,17.2,282.57,265.38,0.0,RECIPIENT_12,True
DEMO_03487,TXN_00125559,2026-01-22 14:55:00,TRANSFER,20.34,269.96,249.62,0.0,RECIPIENT_13,True
DEMO_03487,TXN_00125560,2026-01-23 11:04:00,DEBIT,40.5,184.85,144.35,0.0,RECIPIENT_00,True
DEMO_03487,TXN_00125561,2026-01-23 16:49:00,TRANSFER,25.75,415.27,389.52,0.0,RECIPIENT_00,True
DEMO_03487,TXN_00125562,2026-01-24 08:22:00,DEBIT,19.92,334.81,314.89,0.0,RECIPIENT_14,True
DEMO_03487,TXN_00125563,2026-01-24 19:45:00,PAYMENT_SEND,29.95,258.36,228.41,0.3,RECIPIENT_16,True
DEMO_03487,TXN_00125564,2026-01-24 21:57:00,CASH_OUT,21.65,380.67,359.02,0.25,RECIPIENT_01,True
DEMO_03487,TXN_00125565,2026-01-25 03:54:00,TRANSFER,34.1,180.44,146.34,0.0,RECIPIENT_10,True
DEMO_03487,TXN_00125566,2026-01-25 08:21:00,TRANSFER,28.19,328.47,300.28,0.0,RECIPIENT_02,True
DEMO_03487,TXN_00125567,2026-01-26 02:51:00,PAYMENT_SEND,81.57,245.81,164.25,0.82,RECIPIENT_08,True
DEMO_03543,TXN_00127548,2026-01-03 06:18:00,CASH_OUT,43.03,142.21,99.18,0.43,RECIPIENT_05,True
DEMO_03543,TXN_00127549,2026-01-03 20:53:00,TRANSFER,138.4,130.85,0.0,0.0,RECIPIENT_03,True
DEMO_03543,TXN_00127550,2026-01-04 07:34:00,TRANSFER,40.81,130.31,89.5,0.0,RECIPIENT_17,True
DEMO_03543,TXN_00127551,2026-01-06 06:48:00,CASH_OUT,23.44,107.82,84.38,0.25,RECIPIENT_02,True
DEMO_03543,TXN_00127552,2026-01-07 09:40:00,PAYMENT,23.93,144.89,120.96,0.0,RECIPIENT_10,True
DEMO_03543,TXN_00127553,2026-01-07 22:57:00,TRANSFER,50.52,186.96,136.43,0.0,RECIPIENT_10,True
DEMO_03543,TXN_00127555,2026-01-08 01:57:00,CASH_IN,24.42,326.21,350.63,0.0,RECIPIENT_15,True
DEMO_03543,TXN_00127554,2026-01-08 04:37:00,DEBIT,28.16,159.19,131.03,0.0,RECIPIENT_01,True
DEMO_03543,TXN_00127556,2026-01-09 11:30:00,PAYMENT_SEND,31.62,147.19,115.58,0.32,RECIPIENT_02,True
DEMO_03543,TXN_00127557,2026-01-09 13:43:00,CASH_OUT,28.75,250.19,221.45,0.29,RECIPIENT_00,True
DEMO_03543,TXN_00127558,2026-01-09 16:19:00,DEBIT,46.1,267.64,221.54,0.0,RECIPIENT_04,True
DEMO_03543,TXN_00127559,2026-01-10 08:58:00,CASH_OUT,35.42,181.86,146.43,0.35,RECIPIENT_04,True
DEMO_03543,TXN_00127560,2026-01-10 22:52:00,PAYMENT,40.45,159.48,119.04,0.0,RECIPIENT_04,True
DEMO_03543,TXN_00127561,2026-01-11 11:00:00,PAYMENT,14.93,188.88,173.95,0.0,RECIPIENT_05,True
DEMO_03543,TXN_00127562,2026-01-12 08:33:00,CASH_OUT,51.59,225.07,173.48,0.52,RECIPIENT_04,True
DEMO_03543,TXN_00127563,2026-01-12 19:04:00,PAYMENT_SEND,30.0,174.45,144.44,0.3,RECIPIENT_04,True
DEMO_03543,TXN_00127564,2026-01-14 00:15:00,TRANSFER,39.46,354.5,315.04,0.0,RECIPIENT_00,True
DEMO_03543,TXN_00127565,2026-01-14 10:03:00,CASH_OUT,25.59,220.26,194.67,0.26,RECIPIENT_04,True
DEMO_03543,TXN_00127566,2026-01-14 23:20:00,PAYMENT,36.14,277.75,241.62,0.0,RECIPIENT_03,True
DEMO_03543,TXN_00127567,2026-01-16 10:00:00,DEBIT,28.07,206.67,178.6,0.0,RECIPIENT_00,True
DEMO_03543,TXN_00127568,2026-01-16 11:47:00,TRANSFER,19.34,185.71,166.37,0.0,RECIPIENT_00,True
DEMO_03543,TXN_00127569,2026-01-16 18:49:00,CASH_OUT,45.12,184.76,139.64,0.45,RECIPIENT_03,True
DEMO_03543,TXN_00127570,2026-01-18 13:30:00,PAYMENT_SEND,17.95,263.45,245.5,0.25,RECIPIENT_03,True
DEMO_03543,TXN_00127571,2026-01-19 15:46:00,CASH_IN,15.02,219.79,234.8,0.0,RECIPIENT_00,True
DEMO_03543,TXN_00127573,2026-01-20 17:55:00,CASH_OUT,5.97,230.08,224.11,0.25,RECIPIENT_01,True
DEMO_03543,TXN_00127572,2026-01-20 23:11:00,TRANSFER,29.67,249.61,219.94,0.0,RECIPIENT_01,True
DEMO_03543,TXN_00127575,2026-01-21 10:18:00,DEBIT,21.4,357.13,335.73,0.0,RECIPIENT_06,True
DEMO_03543,TXN_00127574,2026-01-21 22:04:00,DEBIT,11.32,234.25,222.93,0.0,RECIPIENT_04,True
DEMO_03543,TXN_00127576,2026-01-22 13:14:00,PAYMENT_SEND,7.74,301.09,293.35,0.25,RECIPIENT_10,True
DEMO_03543,TXN_00127577,2026-01-22 19:40:00,CASH_IN,12.44,273.01,285.45,0.0,RECIPIENT_17,True
DEMO_03543,TXN_00127578,2026-01-23 09:20:00,TRANSFER,10.51,274.76,264.25,0.0,RECIPIENT_14,True
DEMO_03543,TXN_00127579,2026-01-24 13:53:00,CASH_OUT,3.06,428.98,425.92,0.25,RECIPIENT_00,True
DEMO_03543,TXN_00127580,2026-01-24 19:13:00,TRANSFER,15.58,305.01,289.44,0.0,RECIPIENT_02,True
DEMO_03543,TXN_00127581,2026-01-25 18:08:00,TRANSFER,10.96,335.82,324.86,0.0,RECIPIENT_04,True
DEMO_03543,TXN_00127583,2026-01-26 16:02:00,DEBIT,2.55,273.75,271.2,0.0,RECIPIENT_15,True
DEMO_03543,TXN_00127582,2026-01-26 23:35:00,DEBIT,3.93,217.74,213.81,0.0,RECIPIENT_01,True
DEMO_03570,TXN_00128520,2026-01-01 13:58:00,TRANSFER,9.96,287.94,277.99,0.0,RECIPIENT_00,True
DEMO_03570,TXN_00128521,2026-01-02 08:23:00,DEBIT,22.95,267.31,244.36,0.0,RECIPIENT_03,True
DEMO_03570,TXN_00128522,2026-01-03 05:04:00,DEBIT,31.96,254.15,222.2,0.0,RECIPIENT_03,True
DEMO_03570,TXN_00128523,2026-01-06 21:44:00,DEBIT,15.6,266.19,250.59,0.0,RECIPIENT_07,True
DEMO_03570,TXN_00128524,2026-01-06 23:37:00,DEBIT,6.67,213.05,206.38,0.0,RECIPIENT_13,True
DEMO_03570,TXN_00128525,2026-01-07 02:42:00,CASH_OUT,18.02,277.06,259.05,0.25,RECIPIENT_04,True
DEMO_03570,TXN_00128527,2026-01-08 06:00:00,PAYMENT_SEND,34.62,334.09,299.47,0.35,RECIPIENT_10,True
DEMO_03570,TXN_00128528,2026-01-08 09:40:00,DEBIT,12.04,301.83,289.79,0.0,RECIPIENT_04,True
DEMO_03570,TXN_00128526,2026-01-08 21:52:00,DEBIT,18.61,145.74,127.13,0.0,RECIPIENT_00,True
DEMO_03570,TXN_00128530,2026-01-09 12:35:00,PAYMENT_SEND,13.72,192.61,178.9,0.25,RECIPIENT_03,True
DEMO_03570,TXN_00128529,2026-01-09 22:57:00,TRANSFER,31.78,186.75,154.97,0.0,RECIPIENT_00,True
DEMO_03570,TXN_00128531,2026-01-10 08:40:00,TRANSFER,15.7,354.43,338.73,0.0,RECIPIENT_01,True
DEMO_03570,TXN_00128532,2026-01-10 17:39:00,CASH_OUT,41.94,247.75,205.81,0.42,RECIPIENT_04,True
DEMO_03570,TXN_00128533,2026-01-11 08:50:00,CASH_OUT,48.25,204.9,156.65,0.48,RECIPIENT_02,True
DEMO_03570,TXN_00128534,2026-01-11 12:59:00,CASH_OUT,42.24,195.51,153.27,0.42,RECIPIENT_02,True
DEMO_03570,TXN_00128535,2026-01-11 20:34:00,CASH_OUT,35.52,160.62,125.1,0.36,RECIPIENT_00,True
DEMO_03570,TXN_00128536,2026-01-12 15:04:00,DEBIT,40.73,215.85,175.11,0.0,RECIPIENT_06,True
DEMO_03570,TXN_00128537,2026-01-13 05:34:00,DEBIT,48.07,339.4,291.33,0.0,RECIPIENT_04,True
DEMO_03570,TXN_00128538,2026-01-14 08:57:00,PAYMENT,20.37,198.3,177.92,0.0,RECIPIENT_00,True
DEMO_03570,TXN_00128539,2026-01-15 07:18:00,DEBIT,26.05,154.52,128.47,0.0,RECIPIENT_12,True
DEMO_03570,TXN_00128540,2026-01-15 19:01:00,CASH_OUT,59.0,247.47,188.47,0.59,RECIPIENT_14,True
DEMO_03570,TXN_00128541,2026-01-18 19:03:00,PAYMENT_SEND,32.36,215.43,183.07,0.32,RECIPIENT_09,True
DEMO_03570,TXN_00128542,2026-01-19 16:20:00,TRANSFER,39.49,156.06,116.57,0.0,RECIPIENT_16,True
DEMO_03570,TXN_00128543,2026-01-20 19:21:00,TRANSFER,19.62,211.53,191.91,0.0,RECIPIENT_00,True
DEMO_03570,TXN_00128544,2026-01-20 23:00:00,PAYMENT,39.82,241.28,201.46,0.0,RECIPIENT_06,True
DEMO_03570,TXN_00128545,2026-01-21 00:14:00,CASH_OUT,21.57,177.22,155.65,0.25,RECIPIENT_13,True
DEMO_03570,TXN_00128546,2026-01-22 18:43:00,TRANSFER,63.87,108.48,44.61,0.0,RECIPIENT_03,True
DEMO_03570,TXN_00128547,2026-01-23 04:13:00,PAYMENT_SEND,42.0,201.44,159.44,0.42,RECIPIENT_12,True
DEMO_03570,TXN_00128548,2026-01-23 07:27:00,PAYMENT,31.76,221.69,189.93,0.0,RECIPIENT_10,True
DEMO_03570,TXN_00128549,2026-01-23 22:03:00,CASH_OUT,24.71,95.07,70.36,0.25,RECIPIENT_08,True
DEMO_03570,TXN_00128550,2026-01-24 04:06:00,TRANSFER,45.1,132.49,87.39,0.0,RECIPIENT_12,True
DEMO_03570,TXN_00128551,2026-01-24 08:45:00,DEBIT,35.63,171.04,135.41,0.0,RECIPIENT_00,True
DEMO_03570,TXN_00128552,2026-01-24 19:51:00,TRANSFER,44.11,144.34,100.23,0.0,RECIPIENT_00,True
DEMO_03570,TXN_00128553,2026-01-25 10:02:00,PAYMENT_SEND,35.53,137.08,101.55,0.36,RECIPIENT_00,True
DEMO_03570,TXN_00128554,2026-01-25 16:30:00,CASH_IN,44.78,149.76,194.54,0.0,RECIPIENT_00,True
DEMO_03570,TXN_00128555,2026-01-26 12:35:00,PAYMENT_SEND,40.4,196.31,155.91,0.4,RECIPIENT_01,True
DEMO_03633,TXN_00130790,2026-01-02 00:08:00,DEBIT,22.09,152.17,130.09,0.0,RECIPIENT_01,True
DEMO_03633,TXN_00130788,2026-01-02 02:23:00,CASH_OUT,38.79,375.42,336.63,0.39,RECIPIENT_10,True
DEMO_03633,TXN_00130789,2026-01-02 19:30:00,TRANSFER,37.53,163.56,126.03,0.0,RECIPIENT_09,True
DEMO_03633,TXN_00130793,2026-01-03 00:41:00,CASH_OUT,18.1,204.87,186.77,0.25,RECIPIENT_04,True
DEMO_03633,TXN_00130791,2026-01-03 11:50:00,DEBIT,25.52,181.73,156.21,0.0,RECIPIENT_11,True
DEMO_03633,TXN_00130792,2026-01-03 18:39:00,CASH_IN,27.04,244.62,271.66,0.0,RECIPIENT_10,True
DEMO_03633,TXN_00130794,2026-01-04 14:16:00,TRANSFER,27.1,294.24,267.14,0.0,RECIPIENT_06,True
DEMO_03633,TXN_00130795,2026-01-04 18:30:00,CASH_OUT,28.6,198.85,170.24,0.29,RECIPIENT_13,True
DEMO_03633,TXN_00130796,2026-01-06 10:05:00,CASH_OUT,40.79,342.35,301.56,0.41,RECIPIENT_02,True
DEMO_03633,TXN_00130797,2026-01-06 14:54:00,PAYMENT,22.87,168.54,145.67,0.0,RECIPIENT_00,True
DEMO_03633,TXN_00130798,2026-01-06 21:59:00,TRANSFER,26.12,210.77,184.64,0.0,RECIPIENT_02,True
DEMO_03633,TXN_00130799,2026-01-07 20:33:00,TRANSFER,35.24,236.33,201.09,0.0,RECIPIENT_07,True
DEMO_03633,TXN_00130800,2026-01-08 08:01:00,TRANSFER,33.03,338.02,304.99,0.0,RECIPIENT_06,True
DEMO_03633,TXN_00130801,2026-01-09 13:24:00,PAYMENT_SEND,28.32,258.68,230.36,0.28,RECIPIENT_01,True
DEMO_03633,TXN_00130802,2026-01-09 23:40:00,DEBIT,18.19,217.2,199.01,0.0,RECIPIENT_05,True
DEMO_03633,TXN_00130803,2026-01-10 05:10:00,CASH_OUT,26.69,212.74,186.05,0.27,RECIPIENT_14,True
DEMO_03633,TXN_00130804,2026-01-10 15:47:00,TRANSFER,16.5,253.62,237.12,0.0,RECIPIENT_05,True
DEMO_03633,TXN_00130805,2026-01-11 19:35:00,CASH_IN,22.98,280.06,303.04,0.0,RECIPIENT_02,True
DEMO_03633,TXN_00130806,2026-01-13 05:42:00,PAYMENT,26.9,305.8,278.9,0.0,RECIPIENT_02,True
DEMO_03633,TXN_00130807,2026-01-13 20:49:00,DEBIT,22.19,296.98,274.79,0.0,RECIPIENT_00,True
DEMO_03633,TXN_00130808,2026-01-14 03:17:00,CASH_OUT,27.71,190.79,163.09,0.28,RECIPIENT_05,True
DEMO_03633,TXN_00130809,2026-01-15 04:33:00,CASH_OUT,14.55,409.68,395.13,0.25,RECIPIENT_03,True
DEMO_03633,TXN_00130810,2026-01-15 14:18:00,CASH_IN,12.18,598.34,610.51,0.0,RECIPIENT_05,True
DEMO_03633,TXN_00130811,2026-01-16 08:37:00,CASH_OUT,14.97,299.1,284.13,0.25,RECIPIENT_13,True
DEMO_03633,TXN_00130812,2026-01-17 14:23:00,CASH_IN,13.73,355.32,369.05,0.0,RECIPIENT_02,True
DEMO_03633,TXN_00130813,2026-01-18 07:46:00,DEBIT,13.97,248.08,234.1,0.0,RECIPIENT_00,True
DEMO_03633,TXN_00130814,2026-01-19 03:19:00,PAYMENT,16.23,398.87,382.64,0.0,RECIPIENT_03,True
DEMO_03633,TXN_00130815,2026-01-20 13:39:00,TRANSFER,17.77,200.41,182.64,0.0,RECIPIENT_04,True
DEMO_03633,TXN_00130816,2026-01-20 19:07:00,DEBIT,14.02,379.01,364.99,0.0,RECIPIENT_00,True
DEMO_03633,TXN_00130817,2026-01-21 08:17:00,TRANSFER,36.21,313.52,277.3,0.0,RECIPIENT_03,True
DEMO_03633,TXN_00130818,2026-01-21 16:20:00,DEBIT,36.93,273.9,236.97,0.0,RECIPIENT_01,True
DEMO_03633,TXN_00130819,2026-01-22 13:35:00,CASH_OUT,16.87,254.21,237.34,0.25,RECIPIENT_13,True
DEMO_03633,TXN_00130820,2026-01-23 11:29:00,TRANSFER,31.72,544.64,512.92,0.0,RECIPIENT_02,True
DEMO_03633,TXN_00130821,2026-01-24 08:56:00,DEBIT,20.17,325.62,305.46,0.0,RECIPIENT_03,True
DEMO_03633,TXN_00130822,2026-01-24 14:35:00,TRANSFER,18.43,218.92,200.49,0.0,RECIPIENT_06,True
DEMO_03633,TXN_00130823,2026-01-26 13:06:00,CASH_OUT,8.02,289.52,281.5,0.25,RECIPIENT_00,True
DEMO_03648,TXN_00131328,2026-01-02 00:20:00,CASH_OUT,34.83,180.57,145.74,0.35,RECIPIENT_01,True
DEMO_03648,TXN_00131329,2026-01-02 10:51:00,PAYMENT,47.75,206.71,158.97,0.0,RECIPIENT_01,True
DEMO_03648,TXN_00131330,2026-01-03 23:54:00,CASH_OUT,40.46,256.83,216.38,0.4,RECIPIENT_01,True
DEMO_03648,TXN_00131331,2026-01-05 08:43:00,DEBIT,41.24,159.35,118.1,0.0,RECIPIENT_14,True
DEMO_03648,TXN_00131332,2026-01-05 15:19:00,DEBIT,14.42,157.16,142.74,0.0,RECIPIENT_03,True
DEMO_03648,TXN_00131333,2026-01-05 19:06:00,TRANSFER,31.07,252.22,221.15,0.0,RECIPIENT_13,True
DEMO_03648,TXN_00131334,2026-01-06 20:34:00,TRANSFER,32.06,127.7,95.64,0.0,RECIPIENT_13,True
DEMO_03648,TXN_00131335,2026-01-07 12:26:00,DEBIT,27.36,177.34,149.98,0.0,RECIPIENT_14,True
DEMO_03648,TXN_00131336,2026-01-07 20:23:00,TRANSFER,45.46,140.38,94.92,0.0,RECIPIENT_10,True
DEMO_03648,TXN_00131337,2026-01-08 02:05:00,CASH_OUT,34.85,231.6,196.75,0.35,RECIPIENT_02,True
DEMO_03648,TXN_00131338,2026-01-09 02:28:00,CASH_OUT,20.63,282.54,261.9,0.25,RECIPIENT_02,True
DEMO_03648,TXN_00131339,2026-01-10 04:09:00,TRANSFER,24.02,244.24,220.22,0.0,RECIPIENT_02,True
DEMO_03648,TXN_00131340,2026-01-10 14:39:00,CASH_OUT,57.8,176.79,118.99,0.58,RECIPIENT_11,True
DEMO_03648,TXN_00131341,2026-01-10 21:25:00,DEBIT,20.88,162.91,142.03,0.0,RECIPIENT_12,True
DEMO_03648,TXN_00131342,2026-01-11 16:48:00,CASH_OUT,44.62,170.93,126.31,0.45,RECIPIENT_02,True
DEMO_03648,TXN_00131343,2026-01-11 20:21:00,CASH_OUT,41.95,165.57,123.62,0.42,RECIPIENT_04,True
DEMO_03648,TXN_00131344,2026-01-12 09:57:00,CASH_OUT,17.06,182.44,165.38,0.25,RECIPIENT_14,True
DEMO_03648,TXN_00131345,2026-01-13 20:02:00,DEBIT,23.35,192.26,168.91,0.0,RECIPIENT_09,True
DEMO_03648,TXN_00131346,2026-01-14 12:32:00,DEBIT,9.1,127.98,118.89,0.0,RECIPIENT_07,True
DEMO_03648,TXN_00131347,2026-01-15 19:05:00,CASH_OUT,35.42,231.8,196.38,0.35,RECIPIENT_00,True
DEMO_03648,TXN_00131348,2026-01-16 15:08:00,PAYMENT,64.98,145.71,80.73,0.0,RECIPIENT_00,True
DEMO_03648,TXN_00131349,2026-01-17 04:37:00,PAYMENT,42.7,127.78,85.08,0.0,RECIPIENT_11,True
DEMO_03648,TXN_00131350,2026-01-17 18:12:00,PAYMENT_SEND,32.36,149.52,117.16,0.32,RECIPIENT_09,True
DEMO_03648,TXN_00131351,2026-01-18 06:35:00,PAYMENT,22.19,156.69,134.5,0.0,RECIPIENT_15,True
DEMO_03648,TXN_00131352,2026-01-18 13:47:00,TRANSFER,29.09,220.54,191.45,0.0,RECIPIENT_01,True
DEMO_03648,TXN_00131353,2026-01-19 06:09:00,TRANSFER,40.57,197.35,156.78,0.0,RECIPIENT_12,True
DEMO_03648,TXN_00131354,2026-01-19 08:55:00,TRANSFER,55.94,226.79,170.85,0.0,RECIPIENT_03,True
DEMO_03648,TXN_00131355,2026-01-19 22:43:00,CASH_IN,41.89,181.63,223.52,0.0,RECIPIENT_04,True
DEMO_03648,TXN_00131357,2026-01-20 00:57:00,TRANSFER,16.92,152.01,135.09,0.0,RECIPIENT_12,True
DEMO_03648,TXN_00131356,2026-01-20 09:54:00,DEBIT,35.66,240.58,204.93,0.0,RECIPIENT_07,True
DEMO_03648,TXN_00131358,2026-01-22 06:34:00,DEBIT,19.08,173.19,154.11,0.0,RECIPIENT_00,True
DEMO_03648,TXN_00131359,2026-01-22 09:31:00,TRANSFER,21.96,187.38,165.41,0.0,RECIPIENT_16,True
DEMO_03648,TXN_00131360,2026-01-23 06:18:00,CASH_IN,41.17,172.86,214.03,0.0,RECIPIENT_08,True
DEMO_03648,TXN_00131361,2026-01-23 16:45:00,DEBIT,43.89,195.73,151.85,0.0,RECIPIENT_11,True
DEMO_03648,TXN_00131363,2026-01-24 00:15:00,TRANSFER,35.53,130.47,94.94,0.0,RECIPIENT_04,True
DEMO_03648,TXN_00131362,2026-01-24 13:40:00,PAYMENT,32.26,170.04,137.79,0.0,RECIPIENT_15,True
DEMO_03656,TXN_00131616,2026-01-01 17:26:00,DEBIT,26.64,305.94,279.3,0.0,RECIPIENT_11,True
DEMO_03656,TXN_00131617,2026-01-02 08:09:00,TRANSFER,19.47,309.65,290.19,0.0,RECIPIENT_04,True
DEMO_03656,TXN_00131618,2026-01-04 14:40:00,PAYMENT_SEND,21.59,286.65,265.06,0.25,RECIPIENT_02,True
DEMO_03656,TXN_00131619,2026-01-05 14:24:00,CASH_OUT,28.98,370.44,341.46,0.29,RECIPIENT_01,True
DEMO_03656,TXN_00131620,2026-01-06 17:05:00,PAYMENT,37.27,250.57,213.3,0.0,RECIPIENT_06,True
DEMO_03656,TXN_00131621,2026-01-07 00:44:00,TRANSFER,26.69,198.54,171.84,0.0,RECIPIENT_03,True
DEMO_03656,TXN_00131622,2026-01-07 11:27:00,DEBIT,14.68,237.75,223.07,0.0,RECIPIENT_10,True
DEMO_03656,TXN_00131623,2026-01-07 21:42:00,TRANSFER,26.03,141.66,115.63,0.0,RECIPIENT_01,True
DEMO_03656,TXN_00131624,2026-01-08 11:07:00,TRANSFER,17.57,219.6,202.03,0.0,RECIPIENT_00,True
DEMO_03656,TXN_00131625,2026-01-08 22:30:00,CASH_OUT,16.46,275.77,259.31,0.25,RECIPIENT_11,True
DEMO_03656,TXN_00131626,2026-01-09 00:26:00,DEBIT,25.73,361.7,335.97,0.0,RECIPIENT_14,True
DEMO_03656,TXN_00131627,2026-01-10 06:09:00,TRANSFER,43.53,370.15,326.62,0.0,RECIPIENT_10,True
DEMO_03656,TXN_00131628,2026-01-11 05:34:00,DEBIT,70.07,296.04,225.97,0.0,RECIPIENT_14,True
DEMO_03656,TXN_00131629,2026-01-11 20:11:00,TRANSFER,21.94,191.77,169.82,0.0,RECIPIENT_02,True
DEMO_03656,TXN_00131630,2026-01-12 15:18:00,DEBIT,23.3,285.96,262.66,0.0,RECIPIENT_03,True
DEMO_03656,TXN_00131631,2026-01-12 20:34:00,CASH_OUT,31.96,212.82,180.85,0.32,RECIPIENT_15,True
DEMO_03656,TXN_00131632,2026-01-13 18:41:00,TRANSFER,32.91,333.8,300.9,0.0,RECIPIENT_17,True
DEMO_03656,TXN_00131633,2026-01-13 23:22:00,DEBIT,28.48,259.68,231.21,0.0,RECIPIENT_02,True
DEMO_03656,TXN_00131634,2026-01-14 05:18:00,DEBIT,16.0,431.49,415.49,0.0,RECIPIENT_15,True
DEMO_03656,TXN_00131635,2026-01-14 15:15:00,TRANSFER,10.88,252.53,241.64,0.0,RECIPIENT_15,True
DEMO_03656,TXN_00131636,2026-01-15 19:58:00,CASH_OUT,18.41,287.29,268.88,0.25,RECIPIENT_03,True
DEMO_03656,TXN_00131637,2026-01-16 16:22:00,TRANSFER,16.11,160.44,144.33,0.0,RECIPIENT_01,True
DEMO_03656,TXN_00131638,2026-01-16 20:13:00,DEBIT,23.56,240.21,216.65,0.0,RECIPIENT_02,True
DEMO_03656,TXN_00131639,2026-01-17 01:23:00,TRANSFER,27.51,315.4,287.89,0.0,RECIPIENT_16,True
DEMO_03656,TXN_00131640,2026-01-17 18:24:00,TRANSFER,23.49,273.2,249.71,0.0,RECIPIENT_11,True
DEMO_03656,TXN_00131641,2026-01-19 07:03:00,DEBIT,17.42,269.57,252.14,0.0,RECIPIENT_01,True
DEMO_03656,TXN_00131642,2026-01-19 13:14:00,PAYMENT,42.36,292.53,250.17,0.0,RECIPIENT_04,True
DEMO_03656,TXN_00131643,2026-01-19 18:36:00,CASH_IN,20.77,254.13,274.9,0.0,RECIPIENT_04,True
DEMO_03656,TXN_00131644,2026-01-20 15:05:00,PAYMENT,11.26,308.29,297.03,0.0,RECIPIENT_01,True
DEMO_03656,TXN_00131645,2026-01-21 16:46:00,PAYMENT_SEND,23.6,270.82,247.22,0.25,RECIPIENT_02,True
DEMO_03656,TXN_00131646,2026-01-22 00:52:00,DEBIT,22.43,261.21,238.78,0.0,RECIPIENT_17,True
DEMO_03656,TXN_00131647,2026-01-22 22:59:00,DEBIT,19.17,304.55,285.39,0.0,RECIPIENT_10,True
DEMO_03656,TXN_00131648,2026-01-23 02:41:00,PAYMENT_SEND,10.4,372.53,362.13,0.25,RECIPIENT_06,True
DEMO_03656,TXN_00131649,2026-01-23 23:00:00,CASH_IN,18.17,208.24,226.41,0.0,RECIPIENT_06,True
DEMO_03656,TXN_00131650,2026-01-24 13:46:00,PAYMENT,23.25,275.03,251.78,0.0,RECIPIENT_14,True
DEMO_03656,TXN_00131651,2026-01-24 22:21:00,TRANSFER,16.28,331.24,314.95,0.0,RECIPIENT_05,True
DEMO_03682,TXN_00132552,2026-01-01 21:44:00,DEBIT,53.69,265.7,212.01,0.0,RECIPIENT_03,True
DEMO_03682,TXN_00132553,2026-01-03 15:40:00,CASH_OUT,22.06,279.55,257.49,0.25,RECIPIENT_04,True
DEMO_03682,TXN_00132554,2026-01-03 19:38:00,TRANSFER,26.81,247.05,220.24,0.0,RECIPIENT_03,True
DEMO_03682,TXN_00132555,2026-01-04 15:04:00,PAYMENT_SEND,31.51,241.22,209.71,0.32,RECIPIENT_04,True
DEMO_03682,TXN_00132556,2026-01-05 12:14:00,PAYMENT,17.81,302.8,284.99,0.0,RECIPIENT_04,True
DEMO_03682,TXN_00132557,2026-01-06 09:42:00,PAYMENT,30.42,316.82,286.4,0.0,RECIPIENT_00,True
DEMO_03682,TXN_00132558,2026-01-07 02:17:00,TRANSFER,24.48,376.74,352.26,0.0,RECIPIENT_06,True
DEMO_03682,TXN_00132559,2026-01-07 06:09:00,TRANSFER,26.91,246.57,219.66,0.0,RECIPIENT_03,True
DEMO_03682,TXN_00132560,2026-01-07 08:58:00,DEBIT,17.52,219.0,201.48,0.0,RECIPIENT_11,True
DEMO_03682,TXN_00132561,2026-01-07 12:54:00,DEBIT,24.31,241.34,217.03,0.0,RECIPIENT_02,True
DEMO_03682,TXN_00132562,2026-01-07 23:20:00,CASH_IN,10.78,253.16,263.93,0.0,RECIPIENT_04,True
DEMO_03682,TXN_00132563,2026-01-08 17:52:00,TRANSFER,13.2,323.38,310.18,0.0,RECIPIENT_02,True
DEMO_03682,TXN_00132564,2026-01-09 03:10:00,DEBIT,27.91,312.8,284.88,0.0,RECIPIENT_16,True
DEMO_03682,TXN_00132565,2026-01-09 13:40:00,TRANSFER,18.36,122.95,104.59,0.0,RECIPIENT_11,True
DEMO_03682,TXN_00132566,2026-01-10 03:30:00,CASH_IN,16.1,212.41,228.51,0.0,RECIPIENT_01,True
DEMO_03682,TXN_00132567,2026-01-10 18:11:00,TRANSFER,25.4,209.93,184.54,0.0,RECIPIENT_01,True
DEMO_03682,TXN_00132568,2026-01-11 05:34:00,PAYMENT,21.53,202.5,180.97,0.0,RECIPIENT_11,True
DEMO_03682,TXN_00132569,2026-01-12 02:34:00,TRANSFER,30.19,356.31,326.11,0.0,RECIPIENT_02,True
DEMO_03682,TXN_00132570,2026-01-12 10:53:00,TRANSFER,18.75,180.94,162.18,0.0,RECIPIENT_00,True
DEMO_03682,TXN_00132571,2026-01-12 13:12:00,TRANSFER,21.37,206.16,184.79,0.0,RECIPIENT_08,True
DEMO_03682,TXN_00132572,2026-01-12 22:30:00,CASH_OUT,28.84,270.36,241.52,0.29,RECIPIENT_04,True
DEMO_03682,TXN_00132573,2026-01-14 03:23:00,DEBIT,35.15,331.66,296.51,0.0,RECIPIENT_05,True
DEMO_03682,TXN_00132574,2026-01-15 04:41:00,PAYMENT_SEND,12.51,287.16,274.64,0.25,RECIPIENT_00,True
DEMO_03682,TXN_00132575,2026-01-15 17:53:00,CASH_IN,26.39,239.61,266.01,0.0,RECIPIENT_00,True
DEMO_03682,TXN_00132576,2026-01-16 07:08:00,TRANSFER,18.44,260.97,242.54,0.0,RECIPIENT_01,True
DEMO_03682,TXN_00132577,2026-01-17 05:48:00,DEBIT,24.51,285.73,261.23,0.0,RECIPIENT_03,True
DEMO_03682,TXN_00132578,2026-01-17 22:47:00,DEBIT,18.29,248.27,229.98,0.0,RECIPIENT_12,True
DEMO_03682,TXN_00132579,2026-01-18 03:23:00,DEBIT,45.68,221.36,175.68,0.0,RECIPIENT_01,True
DEMO_03682,TXN_00132580,2026-01-18 16:36:00,DEBIT,49.82,210.14,160.32,0.0,RECIPIENT_13,True
DEMO_03682,TXN_00132581,2026-01-18 20:04:00,TRANSFER,23.33,181.85,158.52,0.0,RECIPIENT_02,True
DEMO_03682,TXN_00132582,2026-01-19 11:55:00,PAYMENT,22.9,149.68,126.78,0.0,RECIPIENT_13,True
DEMO_03682,TXN_00132583,2026-01-19 13:03:00,CASH_OUT,40.66,186.55,145.89,0.41,RECIPIENT_02,True
DEMO_03682,TXN_00132584,2026-01-20 10:53:00,CASH_OUT,25.56,237.09,211.53,0.26,RECIPIENT_02,True
DEMO_03682,TXN_00132585,2026-01-20 14:34:00,DEBIT,18.99,219.46,200.47,0.0,RECIPIENT_04,True
DEMO_03682,TXN_00132586,2026-01-20 19:17:00,DEBIT,27.32,213.37,186.05,0.0,RECIPIENT_03,True
DEMO_03682,TXN_00132587,2026-01-20 20:52:00,PAYMENT,20.56,153.08,132.52,0.0,RECIPIENT_03,True
DEMO_03686,TXN_00132696,2026-01-01 05:50:00,DEBIT,1.56,363.2,361.64,0.0,RECIPIENT_02,True
DEMO_03686,TXN_00132697,2026-01-01 11:12:00,CASH_OUT,12.01,494.88,482.87,0.25,RECIPIENT_01,True
DEMO_03686,TXN_00132698,2026-01-02 00:03:00,PAYMENT,8.22,554.12,545.9,0.0,RECIPIENT_04,True
DEMO_03686,TXN_00132699,2026-01-02 02:05:00,PAYMENT_SEND,5.34,459.96,454.62,0.25,RECIPIENT_10,True
DEMO_03686,TXN_00132700,2026-01-02 17:20:00,TRANSFER,1.85,479.16,477.31,0.0,RECIPIENT_01,True
DEMO_03686,TXN_00132701,2026-01-02 20:39:00,TRANSFER,1.1,472.43,471.33,0.0,RECIPIENT_01,True
DEMO_03686,TXN_00132702,2026-01-03 04:54:00,TRANSFER,11.87,447.06,435.2,0.0,RECIPIENT_17,True
DEMO_03686,TXN_00132703,2026-01-05 02:52:00,PAYMENT_SEND,31.93,436.12,404.2,0.32,RECIPIENT_02,True
DEMO_03686,TXN_00132704,2026-01-06 06:52:00,DEBIT,2.14,364.04,361.9,0.0,RECIPIENT_12,True
DEMO_03686,TXN_00132705,2026-01-06 14:34:00,TRANSFER,18.0,528.65,510.65,0.0,RECIPIENT_13,True
DEMO_03686,TXN_00132706,2026-01-06 15:33:00,TRANSFER,16.72,336.78,320.06,0.0,RECIPIENT_00,True
DEMO_03686,TXN_00132707,2026-01-07 07:00:00,DEBIT,8.37,337.21,328.83,0.0,RECIPIENT_02,True
DEMO_03686,TXN_00132708,2026-01-07 21:41:00,TRANSFER,18.28,368.68,350.41,0.0,RECIPIENT_05,True
DEMO_03686,TXN_00132709,2026-01-08 09:59:00,TRANSFER,15.18,290.21,275.03,0.0,RECIPIENT_03,True
DEMO_03686,TXN_00132710,2026-01-10 14:19:00,CASH_OUT,20.32,488.44,468.12,0.25,RECIPIENT_03,True
DEMO_03686,TXN_00132711,2026-01-10 20:55:00,DEBIT,22.21,294.65,272.44,0.0,RECIPIENT_03,True
DEMO_03686,TXN_00132712,2026-01-11 15:32:00,DEBIT,18.85,382.87,364.02,0.0,RECIPIENT_01,True
DEMO_03686,TXN_00132713,2026-01-12 05:05:00,DEBIT,17.43,402.6,385.17,0.0,RECIPIENT_05,True
DEMO_03686,TXN_00132714,2026-01-12 08:17:00,PAYMENT,21.12,460.47,439.35,0.0,RECIPIENT_00,True
DEMO_03686,TXN_00132715,2026-01-13 08:56:00,TRANSFER,34.12,214.87,180.76,0.0,RECIPIENT_00,True
DEMO_03686,TXN_00132716,2026-01-13 13:37:00,PAYMENT_SEND,26.15,374.35,348.19,0.26,RECIPIENT_03,True
DEMO_03686,TXN_00132717,2026-01-13 15:30:00,CASH_OUT,31.0,370.38,339.38,0.31,RECIPIENT_14,True
DEMO_03686,TXN_00132718,2026-01-13 20:14:00,DEBIT,31.05,247.58,216.54,0.0,RECIPIENT_17,True
DEMO_03686,TXN_00132719,2026-01-13 22:59:00,TRANSFER,22.51,295.27,272.76,0.0,RECIPIENT_16,True
DEMO_03686,TXN_00132720,2026-01-14 17:29:00,CASH_OUT,33.5,342.41,308.92,0.33,RECIPIENT_04,True
DEMO_03686,TXN_00132721,2026-01-15 06:30:00,DEBIT,19.34,381.54,362.2,0.0,RECIPIENT_02,True
DEMO_03686,TXN_00132722,2026-01-15 14:49:00,TRANSFER,26.93,162.39,135.46,0.0,RECIPIENT_01,True
DEMO_03686,TXN_00132723,2026-01-15 17:29:00,CASH_IN,27.21,323.67,350.88,0.0,RECIPIENT_13,True
DEMO_03686,TXN_00132724,2026-01-16 04:41:00,PAYMENT,24.64,269.33,244.69,0.0,RECIPIENT_12,True
DEMO_03686,TXN_00132725,2026-01-16 22:39:00,CASH_IN,15.55,307.39,322.94,0.0,RECIPIENT_04,True
DEMO_03686,TXN_00132726,2026-01-17 06:56:00,CASH_IN,37.72,293.87,331.59,0.0,RECIPIENT_00,True
DEMO_03686,TXN_00132727,2026-01-18 08:04:00,DEBIT,25.95,336.16,310.21,0.0,RECIPIENT_04,True
DEMO_03686,TXN_00132728,2026-01-19 11:28:00,PAYMENT_SEND,28.79,297.6,268.81,0.29,RECIPIENT_02,True
DEMO_03686,TXN_00132729,2026-01-20 00:29:00,DEBIT,19.57,200.76,181.18,0.0,RECIPIENT_00,True
DEMO_03686,TXN_00132730,2026-01-21 05:24:00,DEBIT,17.12,299.96,282.84,0.0,RECIPIENT_03,True
DEMO_03686,TXN_00132731,2026-01-21 09:19:00,PAYMENT_SEND,21.85,213.5,191.65,0.25,RECIPIENT_03,True
DEMO_03713,TXN_00133668,2026-01-01 19:39:00,DEBIT,38.64,201.7,163.07,0.0,RECIPIENT_04,True
DEMO_03713,TXN_00133669,2026-01-02 08:34:00,DEBIT,40.52,271.76,231.23,0.0,RECIPIENT_15,True
DEMO_03713,TXN_00133671,2026-01-03 00:35:00,PAYMENT,25.77,148.56,122.78,0.0,RECIPIENT_14,True
DEMO_03713,TXN_00133670,2026-01-03 11:08:00,TRANSFER,59.55,209.75,150.19,0.0,RECIPIENT_11,True
DEMO_03713,TXN_00133672,2026-01-04 10:44:00,TRANSFER,17.13,153.62,136.49,0.0,RECIPIENT_03,True
DEMO_03713,TXN_00133673,2026-01-04 21:51:00,CASH_IN,25.59,269.36,294.95,0.0,RECIPIENT_09,True
DEMO_03713,TXN_00133674,2026-01-05 09:15:00,TRANSFER,30.03,229.8,199.77,0.0,RECIPIENT_02,True
DEMO_03713,TXN_00133675,2026-01-06 02:44:00,TRANSFER,47.57,257.33,209.76,0.0,RECIPIENT_04,True
DEMO_03713,TXN_00133676,2026-01-06 17:22:00,DEBIT,36.02,296.53,260.51,0.0,RECIPIENT_05,True
DEMO_03713,TXN_00133677,2026-01-08 03:18:00,TRANSFER,31.81,257.31,225.5,0.0,RECIPIENT_09,True
DEMO_03713,TXN_00133678,2026-01-08 16:41:00,PAYMENT,26.6,230.35,203.75,0.0,RECIPIENT_01,True
DEMO_03713,TXN_00133680,2026-01-09 00:27:00,TRANSFER,31.08,263.62,232.55,0.0,RECIPIENT_00,True
DEMO_03713,TXN_00133679,2026-01-09 05:41:00,PAYMENT,38.62,204.54,165.93,0.0,RECIPIENT_01,True
DEMO_03713,TXN_00133681,2026-01-10 12:38:00,TRANSFER,22.88,245.96,223.07,0.0,RECIPIENT_16,True
DEMO_03713,TXN_00133682,2026-01-10 18:42:00,DEBIT,9.42,324.13,314.72,0.0,RECIPIENT_08,True
DEMO_03713,TXN_00133683,2026-01-11 00:13:00,DEBIT,34.3,189.85,155.54,0.0,RECIPIENT_04,True
DEMO_03713,TXN_00133684,2026-01-12 04:10:00,CASH_IN,19.09,231.34,250.43,0.0,RECIPIENT_03,True
DEMO_03713,TXN_00133685,2026-01-13 00:08:00,PAYMENT_SEND,43.68,361.46,317.79,0.44,RECIPIENT_05,True
DEMO_03713,TXN_00133686,2026-01-14 05:47:00,TRANSFER,17.56,233.02,215.46,0.0,RECIPIENT_02,True
DEMO_03713,TXN_00133687,2026-01-14 07:44:00,TRANSFER,32.94,144.69,111.75,0.0,RECIPIENT_04,True
DEMO_03713,TXN_00133688,2026-01-14 12:12:00,CASH_IN,37.69,336.48,374.17,0.0,RECIPIENT_00,True
DEMO_03713,TXN_00133689,2026-01-15 01:01:00,TRANSFER,27.47,266.79,239.31,0.0,RECIPIENT_09,True
DEMO_03713,TXN_00133690,2026-01-16 03:22:00,DEBIT,15.03,189.71,174.68,0.0,RECIPIENT_06,True
DEMO_03713,TXN_00133691,2026-01-17 03:15:00,PAYMENT_SEND,9.34,409.71,400.37,0.25,RECIPIENT_02,True
DEMO_03713,TXN_00133692,2026-01-17 08:05:00,PAYMENT,7.16,190.59,183.43,0.0,RECIPIENT_02,True
DEMO_03713,TXN_00133693,2026-01-18 00:57:00,DEBIT,13.66,331.56,317.9,0.0,RECIPIENT_16,True
DEMO_03713,TXN_00133694,2026-01-18 21:57:00,TRANSFER,18.48,337.13,318.65,0.0,RECIPIENT_04,True
DEMO_03713,TXN_00133695,2026-01-19 16:22:00,TRANSFER,36.73,225.19,188.46,0.0,RECIPIENT_01,True
DEMO_03713,TXN_00133696,2026-01-19 19:25:00,TRANSFER,26.56,351.93,325.37,0.0,RECIPIENT_03,True
DEMO_03713,TXN_00133697,2026-01-21 15:20:00,DEBIT,15.44,383.19,367.75,0.0,RECIPIENT_16,True
DEMO_03713,TXN_00133698,2026-01-21 21:34:00,DEBIT,21.97,418.17,396.21,0.0,RECIPIENT_02,True
DEMO_03713,TXN_00133699,2026-01-22 05:11:00,TRANSFER,16.15,213.8,197.66,0.0,RECIPIENT_02,True
DEMO_03713,TXN_00133700,2026-01-23 16:04:00,CASH_IN,18.67,326.82,345.49,0.0,RECIPIENT_04,True
DEMO_03713,TXN_00133702,2026-01-24 06:08:00,TRANSFER,20.1,283.38,263.28,0.0,RECIPIENT_00,True
DEMO_03713,TXN_00133703,2026-01-24 17:58:00,TRANSFER,8.17,244.22,236.06,0.0,RECIPIENT_10,True
DEMO_03713,TXN_00133701,2026-01-24 23:20:00,DEBIT,26.05,519.59,493.54,0.0,RECIPIENT_02,True
DEMO_03741,TXN_00134676,2026-01-01 12:53:00,TRANSFER,45.71,206.54,160.83,0.0,RECIPIENT_02,True
DEMO_03741,TXN_00134679,2026-01-02 00:50:00,TRANSFER,23.19,309.02,285.83,0.0,RECIPIENT_01,True
DEMO_03741,TXN_00134677,2026-01-02 11:43:00,DEBIT,16.37,236.38,220.0,0.0,RECIPIENT_03,True
DEMO_03741,TXN_00134678,2026-01-02 17:36:00,PAYMENT,36.3,290.81,254.5,0.0,RECIPIENT_03,True
DEMO_03741,TXN_00134680,2026-01-03 18:14:00,DEBIT,55.1,197.64,142.53,0.0,RECIPIENT_01,True
DEMO_03741,TXN_00134681,2026-01-04 04:19:00,TRANSFER,39.48,281.12,241.64,0.0,RECIPIENT_03,True
DEMO_03741,TXN_00134682,2026-01-04 09:01:00,CASH_OUT,23.05,198.77,175.72,0.25,RECIPIENT_13,True
DEMO_03741,TXN_00134683,2026-01-04 18:46:00,TRANSFER,28.8,234.32,205.52,0.0,RECIPIENT_02,True
DEMO_03741,TXN_00134684,2026-01-04 23:15:00,PAYMENT_SEND,53.65,280.52,226.87,0.54,RECIPIENT_03,True
DEMO_03741,TXN_00134685,2026-01-05 14:50:00,PAYMENT_SEND,29.45,505.7,476.26,0.29,RECIPIENT_01,True
DEMO_03741,TXN_00134686,2026-01-06 05:16:00,TRANSFER,37.08,185.88,148.8,0.0,RECIPIENT_01,True
DEMO_03741,TXN_00134687,2026-01-06 09:10:00,DEBIT,33.47,164.99,131.52,0.0,RECIPIENT_04,True
DEMO_03741,TXN_00134688,2026-01-06 17:06:00,DEBIT,19.44,353.13,333.69,0.0,RECIPIENT_00,True
DEMO_03741,TXN_00134689,2026-01-07 02:23:00,DEBIT,17.63,281.97,264.34,0.0,RECIPIENT_00,True
DEMO_03741,TXN_00134690,2026-01-08 16:13:00,DEBIT,25.88,349.35,323.47,0.0,RECIPIENT_03,True
DEMO_03741,TXN_00134691,2026-01-09 12:59:00,CASH_OUT,25.02,340.29,315.27,0.25,RECIPIENT_04,True
DEMO_03741,TXN_00134692,2026-01-09 23:45:00,TRANSFER,21.82,205.31,183.49,0.0,RECIPIENT_02,True
DEMO_03741,TXN_00134693,2026-01-10 06:26:00,DEBIT,26.22,384.13,357.91,0.0,RECIPIENT_01,True
DEMO_03741,TXN_00134694,2026-01-11 07:45:00,PAYMENT,12.63,308.51,295.88,0.0,RECIPIENT_04,True
DEMO_03741,TXN_00134695,2026-01-12 21:38:00,DEBIT,12.93,274.34,261.42,0.0,RECIPIENT_01,True
DEMO_03741,TXN_00134696,2026-01-13 12:57:00,DEBIT,24.09,317.5,293.41,0.0,RECIPIENT_01,True
DEMO_03741,TXN_00134697,2026-01-14 06:36:00,PAYMENT_SEND,12.45,362.93,350.48,0.25,RECIPIENT_04,True
DEMO_03741,TXN_00134698,2026-01-14 10:35:00,TRANSFER,18.02,263.9,245.88,0.0,RECIPIENT_00,True
DEMO_03741,TXN_00134699,2026-01-14 20:16:00,PAYMENT_SEND,13.85,223.0,209.16,0.25,RECIPIENT_02,True
DEMO_03741,TXN_00134700,2026-01-14 22:34:00,PAYMENT_SEND,13.89,297.37,283.48,0.25,RECIPIENT_02,True
DEMO_03741,TXN_00134701,2026-01-15 10:01:00,TRANSFER,12.88,313.87,300.99,0.0,RECIPIENT_07,True
DEMO_03741,TXN_00134702,2026-01-16 06:27:00,CASH_OUT,11.09,139.34,128.25,0.25,RECIPIENT_00,True
DEMO_03741,TXN_00134703,2026-01-16 14:18:00,TRANSFER,14.18,392.86,378.68,0.0,RECIPIENT_00,True
DEMO_03741,TXN_00134704,2026-01-17 13:28:00,PAYMENT_SEND,20.58,427.19,406.62,0.25,RECIPIENT_02,True
DEMO_03741,TXN_00134705,2026-01-17 16:11:00,PAYMENT,8.69,305.29,296.59,0.0,RECIPIENT_05,True
DEMO_03741,TXN_00134706,2026-01-18 04:24:00,CASH_OUT,15.29,290.12,274.82,0.25,RECIPIENT_01,True
DEMO_03741,TXN_00134707,2026-01-18 17:16:00,TRANSFER,14.12,215.95,201.83,0.0,RECIPIENT_13,True
DEMO_03741,TXN_00134708,2026-01-20 00:37:00,PAYMENT_SEND,15.95,342.86,326.92,0.25,RECIPIENT_01,True
DEMO_03741,TXN_00134709,2026-01-20 11:22:00,PAYMENT,10.79,429.79,419.0,0.0,RECIPIENT_09,True
DEMO_03741,TXN_00134710,2026-01-21 04:44:00,PAYMENT_SEND,13.09,614.41,601.32,0.25,RECIPIENT_16,True
DEMO_03741,TXN_00134711,2026-01-21 14:18:00,DEBIT,29.06,592.53,563.46,0.0,RECIPIENT_02,True
DEMO_03895,TXN_00140220,2026-01-02 08:52:00,DEBIT,24.08,355.51,331.43,0.0,RECIPIENT_03,True
DEMO_03895,TXN_00140221,2026-01-02 16:05:00,TRANSFER,18.93,238.85,219.92,0.0,RECIPIENT_07,True
DEMO_03895,TXN_00140222,2026-01-03 03:56:00,TRANSFER,21.21,459.25,438.04,0.0,RECIPIENT_16,True
DEMO_03895,TXN_00140223,2026-01-03 06:46:00,CASH_IN,20.14,345.36,365.5,0.0,RECIPIENT_04,True
DEMO_03895,TXN_00140224,2026-01-03 20:58:00,DEBIT,23.99,383.05,359.05,0.0,RECIPIENT_01,True
DEMO_03895,TXN_00140225,2026-01-04 19:52:00,DEBIT,13.94,404.87,390.93,0.0,RECIPIENT_04,True
DEMO_03895,TXN_00140226,2026-01-06 20:09:00,CASH_IN,16.72,270.94,287.66,0.0,RECIPIENT_01,True
DEMO_03895,TXN_00140227,2026-01-07 11:49:00,TRANSFER,30.76,308.57,277.81,0.0,RECIPIENT_11,True
DEMO_03895,TXN_00140228,2026-01-07 21:23:00,PAYMENT,17.51,376.45,358.94,0.0,RECIPIENT_13,True
DEMO_03895,TXN_00140229,2026-01-07 21:25:00,DEBIT,15.93,338.3,322.37,0.0,RECIPIENT_08,True
DEMO_03895,TXN_00140230,2026-01-08 13:31:00,CASH_IN,26.79,662.11,688.9,0.0,RECIPIENT_11,True
DEMO_03895,TXN_00140231,2026-01-09 12:44:00,TRANSFER,20.55,446.56,426.01,0.0,RECIPIENT_02,True
DEMO_03895,TXN_00140232,2026-01-10 01:28:00,TRANSFER,14.29,421.26,406.96,0.0,RECIPIENT_11,True
DEMO_03895,TXN_00140233,2026-01-10 10:00:00,TRANSFER,30.79,382.66,351.88,0.0,RECIPIENT_04,True
DEMO_03895,TXN_00140234,2026-01-11 12:33:00,TRANSFER,18.81,635.12,616.31,0.0,RECIPIENT_04,True
DEMO_03895,TXN_00140235,2026-01-12 05:55:00,CASH_OUT,18.78,222.54,203.76,0.25,RECIPIENT_14,True
DEMO_03895,TXN_00140236,2026-01-12 21:18:00,DEBIT,13.47,350.7,337.23,0.0,RECIPIENT_01,True
DEMO_03895,TXN_00140237,2026-01-13 17:58:00,TRANSFER,32.41,438.18,405.77,0.0,RECIPIENT_03,True
DEMO_03895,TXN_00140238,2026-01-14 14:00:00,TRANSFER,13.5,301.47,287.98,0.0,RECIPIENT_16,True
DEMO_03895,TXN_00140239,2026-01-15 17:33:00,DEBIT,17.48,449.0,431.53,0.0,RECIPIENT_13,True
DEMO_03895,TXN_00140240,2026-01-16 21:20:00,DEBIT,11.57,384.41,372.83,0.0,RECIPIENT_07,True
DEMO_03895,TXN_00140241,2026-01-17 22:37:00,DEBIT,21.65,446.74,425.09,0.0,RECIPIENT_00,True
DEMO_03895,TXN_00140242,2026-01-18 05:46:00,CASH_OUT,8.36,367.06,358.7,0.25,RECIPIENT_02,True
DEMO_03895,TXN_00140243,2026-01-19 00:23:00,CASH_IN,23.04,356.22,379.26,0.0,RECIPIENT_02,True
DEMO_03895,TXN_00140244,2026-01-20 05:52:00,TRANSFER,11.59,272.68,261.09,0.0,RECIPIENT_04,True
DEMO_03895,TXN_00140245,2026-01-20 08:37:00,TRANSFER,12.69,741.27,728.58,0.0,RECIPIENT_06,True
DEMO_03895,TXN_00140246,2026-01-20 17:32:00,CASH_OUT,17.31,543.63,526.32,0.25,RECIPIENT_14,True
DEMO_03895,TXN_00140247,2026-01-22 03:54:00,TRANSFER,16.86,335.29,318.43,0.0,RECIPIENT_12,True
DEMO_03895,TXN_00140248,2026-01-24 07:48:00,CASH_OUT,9.96,615.33,605.37,0.25,RECIPIENT_01,True
DEMO_03895,TXN_00140249,2026-01-24 20:46:00,PAYMENT,19.86,252.75,232.89,0.0,RECIPIENT_15,True
DEMO_03895,TXN_00140250,2026-01-25 01:10:00,PAYMENT_SEND,16.54,468.38,451.84,0.25,RECIPIENT_03,True
DEMO_03895,TXN_00140251,2026-01-26 17:09:00,CASH_IN,19.66,881.15,900.81,0.0,RECIPIENT_04,True
DEMO_03895,TXN_00140252,2026-01-27 00:04:00,CASH_OUT,8.75,404.5,395.75,0.25,RECIPIENT_02,True
DEMO_03895,TXN_00140253,2026-01-28 11:05:00,CASH_IN,21.26,429.99,451.25,0.0,RECIPIENT_15,True
DEMO_03895,TXN_00140254,2026-01-28 22:45:00,PAYMENT_SEND,14.77,421.98,407.21,0.25,RECIPIENT_00,True
DEMO_03895,TXN_00140255,2026-01-29 20:58:00,TRANSFER,6.75,427.29,420.54,0.0,RECIPIENT_03,True
DEMO_04020,TXN_00144720,2026-01-02 01:02:00,PAYMENT,28.17,230.16,201.99,0.0,RECIPIENT_02,True
DEMO_04020,TXN_00144721,2026-01-02 19:22:00,TRANSFER,42.34,266.21,223.87,0.0,RECIPIENT_04,True
DEMO_04020,TXN_00144722,2026-01-03 14:03:00,PAYMENT,21.46,179.74,158.28,0.0,RECIPIENT_01,True
DEMO_04020,TXN_00144723,2026-01-04 22:24:00,DEBIT,37.71,309.99,272.28,0.0,RECIPIENT_03,True
DEMO_04020,TXN_00144724,2026-01-06 03:45:00,DEBIT,30.16,290.04,259.88,0.0,RECIPIENT_09,True
DEMO_04020,TXN_00144725,2026-01-06 20:13:00,DEBIT,52.48,164.38,111.9,0.0,RECIPIENT_03,True
DEMO_04020,TXN_00144726,2026-01-07 09:41:00,TRANSFER,33.03,161.88,128.85,0.0,RECIPIENT_04,True
DEMO_04020,TXN_00144727,2026-01-07 18:01:00,CASH_OUT,41.06,285.98,244.92,0.41,RECIPIENT_17,True
DEMO_04020,TXN_00144728,2026-01-08 14:32:00,PAYMENT,15.38,333.77,318.39,0.0,RECIPIENT_04,True
DEMO_04020,TXN_00144729,2026-01-08 22:45:00,TRANSFER,26.88,252.09,225.21,0.0,RECIPIENT_04,True
DEMO_04020,TXN_00144730,2026-01-09 11:55:00,TRANSFER,26.22,194.23,168.01,0.0,RECIPIENT_00,True
DEMO_04020,TXN_00144731,2026-01-10 10:59:00,TRANSFER,27.36,192.17,164.82,0.0,RECIPIENT_04,True
DEMO_04020,TXN_00144732,2026-01-10 14:17:00,TRANSFER,25.85,301.98,276.13,0.0,RECIPIENT_06,True
DEMO_04020,TXN_00144733,2026-01-10 20:33:00,DEBIT,34.37,155.89,121.52,0.0,RECIPIENT_13,True
DEMO_04020,TXN_00144734,2026-01-12 08:59:00,CASH_OUT,22.14,262.33,240.18,0.25,RECIPIENT_09,True
DEMO_04020,TXN_00144735,2026-01-12 15:12:00,CASH_OUT,24.85,262.78,237.93,0.25,RECIPIENT_00,True
DEMO_04020,TXN_00144736,2026-01-13 11:43:00,PAYMENT_SEND,45.56,327.94,282.38,0.46,RECIPIENT_11,True
DEMO_04020,TXN_00144737,2026-01-14 05:39:00,DEBIT,29.67,216.63,186.96,0.0,RECIPIENT_04,True
DEMO_04020,TXN_00144738,2026-01-14 13:16:00,DEBIT,15.6,197.64,182.04,0.0,RECIPIENT_02,True
DEMO_04020,TXN_00144739,2026-01-15 11:03:00,TRANSFER,13.62,189.64,176.02,0.0,RECIPIENT_16,True
DEMO_04020,TXN_00144740,2026-01-15 16:16:00,PAYMENT_SEND,29.89,355.04,325.14,0.3,RECIPIENT_03,True
DEMO_04020,TXN_00144741,2026-01-15 22:45:00,TRANSFER,7.16,277.83,270.67,0.0,RECIPIENT_07,True
DEMO_04020,TXN_00144742,2026-01-16 06:33:00,DEBIT,17.94,243.47,225.54,0.0,RECIPIENT_10,True
DEMO_04020,TXN_00144743,2026-01-16 17:00:00,DEBIT,27.34,241.27,213.93,0.0,RECIPIENT_02,True
DEMO_04020,TXN_00144745,2026-01-17 05:30:00,DEBIT,44.48,330.12,285.64,0.0,RECIPIENT_01,True
DEMO_04020,TXN_00144744,2026-01-17 23:36:00,DEBIT,35.83,295.66,259.83,0.0,RECIPIENT_02,True
DEMO_04020,TXN_00144746,2026-01-18 05:48:00,TRANSFER,35.54,349.39,313.85,0.0,RECIPIENT_17,True
DEMO_04020,TXN_00144747,2026-01-20 18:04:00,CASH_IN,25.3,256.89,282.2,0.0,RECIPIENT_03,True
DEMO_04020,TXN_00144748,2026-01-21 12:35:00,TRANSFER,28.12,247.27,219.15,0.0,RECIPIENT_01,True
DEMO_04020,TXN_00144749,2026-01-21 22:39:00,CASH_IN,19.91,296.47,316.38,0.0,RECIPIENT_03,True
DEMO_04020,TXN_00144750,2026-01-22 05:45:00,TRANSFER,27.48,332.01,304.53,0.0,RECIPIENT_00,True
DEMO_04020,TXN_00144751,2026-01-22 08:52:00,TRANSFER,25.41,197.36,171.95,0.0,RECIPIENT_02,True
DEMO_04020,TXN_00144752,2026-01-22 16:24:00,PAYMENT_SEND,20.05,213.81,193.75,0.25,RECIPIENT_08,True
DEMO_04020,TXN_00144753,2026-01-23 00:14:00,TRANSFER,21.54,217.58,196.05,0.0,RECIPIENT_02,True
DEMO_04020,TXN_00144754,2026-01-23 22:33:00,PAYMENT_SEND,7.9,152.71,144.81,0.25,RECIPIENT_02,True
DEMO_04020,TXN_00144755,2026-01-24 05:06:00,DEBIT,22.12,285.56,263.44,0.0,RECIPIENT_01,True
DEMO_04049,TXN_00145764,2026-01-01 16:05:00,TRANSFER,5.87,347.63,341.77,0.0,RECIPIENT_09,True
DEMO_04049,TXN_00145765,2026-01-02 03:01:00,PAYMENT_SEND,20.13,387.02,366.89,0.25,RECIPIENT_04,True
DEMO_04049,TXN_00145766,2026-01-02 16:26:00,CASH_OUT,2.69,422.28,419.59,0.25,RECIPIENT_08,True
DEMO_04049,TXN_00145767,2026-01-03 22:07:00,CASH_OUT,4.68,388.31,383.63,0.25,RECIPIENT_06,True
DEMO_04049,TXN_00145769,2026-01-04 15:10:00,DEBIT,9.64,339.71,330.07,0.0,RECIPIENT_15,True
DEMO_04049,TXN_00145770,2026-01-04 18:14:00,DEBIT,21.03,257.29,236.25,0.0,RECIPIENT_09,True
DEMO_04049,TXN_00145768,2026-01-04 21:47:00,TRANSFER,30.8,348.8,318.0,0.0,RECIPIENT_04,True
DEMO_04049,TXN_00145771,2026-01-05 14:39:00,DEBIT,20.69,307.1,286.41,0.0,RECIPIENT_05,True
DEMO_04049,TXN_00145772,2026-01-06 15:55:00,PAYMENT,18.8,248.23,229.43,0.0,RECIPIENT_12,True
DEMO_04049,TXN_00145773,2026-01-07 21:34:00,DEBIT,13.98,254.77,240.79,0.0,RECIPIENT_05,True
DEMO_04049,TXN_00145774,2026-01-08 07:02:00,PAYMENT,28.0,249.37,221.37,0.0,RECIPIENT_02,True
DEMO_04049,TXN_00145775,2026-01-09 22:44:00,TRANSFER,11.93,280.52,268.59,0.0,RECIPIENT_01,True
DEMO_04049,TXN_00145776,2026-01-10 07:09:00,PAYMENT,19.7,268.24,248.54,0.0,RECIPIENT_00,True
DEMO_04049,TXN_00145777,2026-01-10 16:44:00,CASH_IN,19.9,283.96,303.86,0.0,RECIPIENT_01,True
DEMO_04049,TXN_00145778,2026-01-11 07:28:00,PAYMENT,17.95,222.79,204.85,0.0,RECIPIENT_00,True
DEMO_04049,TXN_00145779,2026-01-11 22:35:00,DEBIT,20.84,224.43,203.58,0.0,RECIPIENT_13,True
DEMO_04049,TXN_00145780,2026-01-12 07:55:00,DEBIT,31.77,211.14,179.37,0.0,RECIPIENT_06,True
DEMO_04049,TXN_00145781,2026-01-13 00:49:00,TRANSFER,25.57,232.74,207.17,0.0,RECIPIENT_06,True
DEMO_04049,TXN_00145782,2026-01-13 12:13:00,PAYMENT_SEND,19.47,215.17,195.7,0.25,RECIPIENT_02,True
DEMO_04049,TXN_00145783,2026-01-13 13:25:00,TRANSFER,42.85,326.37,283.52,0.0,RECIPIENT_09,True
DEMO_04049,TXN_00145784,2026-01-14 18:27:00,TRANSFER,33.97,370.93,336.96,0.0,RECIPIENT_03,True
DEMO_04049,TXN_00145785,2026-01-14 19:33:00,TRANSFER,24.04,212.08,188.04,0.0,RECIPIENT_04,True
DEMO_04049,TXN_00145786,2026-01-16 04:22:00,DEBIT,28.18,218.5,190.32,0.0,RECIPIENT_05,True
DEMO_04049,TXN_00145787,2026-01-16 18:15:00,TRANSFER,56.1,275.23,219.14,0.0,RECIPIENT_03,True
DEMO_04049,TXN_00145788,2026-01-17 20:35:00,DEBIT,24.38,178.33,153.95,0.0,RECIPIENT_01,True
DEMO_04049,TXN_00145789,2026-01-18 08:36:00,PAYMENT_SEND,47.51,191.21,143.7,0.48,RECIPIENT_01,True
DEMO_04049,TXN_00145790,2026-01-18 17:09:00,DEBIT,34.86,187.53,152.68,0.0,RECIPIENT_02,True
DEMO_04049,TXN_00145791,2026-01-19 13:38:00,TRANSFER,39.2,170.4,131.2,0.0,RECIPIENT_02,True
DEMO_04049,TXN_00145794,2026-01-20 01:26:00,TRANSFER,42.86,163.05,120.19,0.0,RECIPIENT_00,True
DEMO_04049,TXN_00145792,2026-01-20 10:02:00,DEBIT,44.86,290.05,245.19,0.0,RECIPIENT_06,True
DEMO_04049,TXN_00145793,2026-01-20 23:38:00,DEBIT,37.15,318.05,280.9,0.0,RECIPIENT_04,True
DEMO_04049,TXN_00145795,2026-01-21 16:28:00,DEBIT,44.15,134.94,90.79,0.0,RECIPIENT_05,True
DEMO_04049,TXN_00145796,2026-01-21 23:13:00,CASH_OUT,33.1,233.44,200.35,0.33,RECIPIENT_03,True
DEMO_04049,TXN_00145797,2026-01-22 14:11:00,CASH_OUT,42.51,155.71,113.2,0.43,RECIPIENT_08,True
DEMO_04049,TXN_00145798,2026-01-23 08:52:00,PAYMENT,38.01,246.25,208.24,0.0,RECIPIENT_04,True
DEMO_04049,TXN_00145799,2026-01-25 09:06:00,DEBIT,37.51,202.88,165.38,0.0,RECIPIENT_00,True
DEMO_04087,TXN_00147132,2026-01-01 00:00:00,TRANSFER,13.6,334.51,320.91,0.0,RECIPIENT_01,True
DEMO_04087,TXN_00147133,2026-01-03 12:19:00,PAYMENT,45.72,518.8,473.08,0.0,RECIPIENT_04,True
DEMO_04087,TXN_00147134,2026-01-04 09:26:00,PAYMENT_SEND,16.6,405.65,389.05,0.25,RECIPIENT_03,True
DEMO_04087,TXN_00147136,2026-01-05 00:59:00,TRANSFER,13.74,320.27,306.53,0.0,RECIPIENT_03,True
DEMO_04087,TXN_00147135,2026-01-05 20:13:00,DEBIT,17.29,257.38,240.09,0.0,RECIPIENT_01,True
DEMO_04087,TXN_00147137,2026-01-06 11:01:00,TRANSFER,16.63,278.08,261.45,0.0,RECIPIENT_03,True
DEMO_04087,TXN_00147138,2026-01-07 14:40:00,DEBIT,25.37,376.98,351.61,0.0,RECIPIENT_16,True
DEMO_04087,TXN_00147139,2026-01-08 15:18:00,TRANSFER,16.44,472.15,455.71,0.0,RECIPIENT_00,True
DEMO_04087,TXN_00147140,2026-01-09 01:33:00,TRANSFER,18.33,238.52,220.2,0.0,RECIPIENT_04,True
DEMO_04087,TXN_00147141,2026-01-09 12:58:00,TRANSFER,14.5,282.63,268.13,0.0,RECIPIENT_09,True
DEMO_04087,TXN_00147142,2026-01-09 15:26:00,TRANSFER,15.24,459.15,443.91,0.0,RECIPIENT_04,True
DEMO_04087,TXN_00147143,2026-01-09 20:43:00,CASH_OUT,21.35,374.75,353.4,0.25,RECIPIENT_00,True
DEMO_04087,TXN_00147144,2026-01-10 01:54:00,TRANSFER,22.27,453.86,431.59,0.0,RECIPIENT_01,True
DEMO_04087,TXN_00147145,2026-01-10 14:31:00,CASH_IN,26.29,341.18,367.48,0.0,RECIPIENT_04,True
DEMO_04087,TXN_00147146,2026-01-12 02:20:00,CASH_OUT,10.41,474.22,463.81,0.25,RECIPIENT_08,True
DEMO_04087,TXN_00147147,2026-01-12 23:47:00,DEBIT,13.96,437.32,423.36,0.0,RECIPIENT_04,True
DEMO_04087,TXN_00147148,2026-01-14 09:56:00,TRANSFER,22.67,348.73,326.06,0.0,RECIPIENT_01,True
DEMO_04087,TXN_00147149,2026-01-14 13:56:00,DEBIT,33.1,379.07,345.96,0.0,RECIPIENT_02,True
DEMO_04087,TXN_00147150,2026-01-15 11:35:00,DEBIT,18.56,372.96,354.41,0.0,RECIPIENT_00,True
DEMO_04087,TXN_00147151,2026-01-15 15:13:00,TRANSFER,9.36,467.21,457.85,0.0,RECIPIENT_15,True
DEMO_04087,TXN_00147152,2026-01-16 21:56:00,DEBIT,30.52,407.62,377.1,0.0,RECIPIENT_03,True
DEMO_04087,TXN_00147153,2026-01-17 07:22:00,PAYMENT_SEND,22.53,459.77,437.24,0.25,RECIPIENT_08,True
DEMO_04087,TXN_00147154,2026-01-18 03:38:00,PAYMENT,14.37,594.21,579.85,0.0,RECIPIENT_01,True
DEMO_04087,TXN_00147155,2026-01-18 17:46:00,TRANSFER,16.65,436.05,419.4,0.0,RECIPIENT_03,True
DEMO_04087,TXN_00147156,2026-01-19 13:53:00,DEBIT,33.2,295.87,262.67,0.0,RECIPIENT_01,True
DEMO_04087,TXN_00147158,2026-01-21 02:33:00,TRANSFER,14.83,419.79,404.96,0.0,RECIPIENT_01,True
DEMO_04087,TXN_00147159,2026-01-21 13:17:00,DEBIT,11.3,564.16,552.86,0.0,RECIPIENT_01,True
DEMO_04087,TXN_00147157,2026-01-21 23:24:00,DEBIT,13.59,332.33,318.74,0.0,RECIPIENT_08,True
DEMO_04087,TXN_00147160,2026-01-22 15:12:00,TRANSFER,20.33,417.93,397.61,0.0,RECIPIENT_01,True
DEMO_04087,TXN_00147161,2026-01-23 01:23:00,DEBIT,7.36,283.6,276.23,0.0,RECIPIENT_04,True
DEMO_04087,TXN_00147162,2026-01-23 01:44:00,TRANSFER,8.48,421.64,413.15,0.0,RECIPIENT_00,True
DEMO_04087,TXN_00147163,2026-01-23 07:29:00,PAYMENT_SEND,16.5,527.75,511.25,0.25,RECIPIENT_14,True
DEMO_04087,TXN_00147164,2026-01-23 21:46:00,DEBIT,9.89,343.56,333.67,0.0,RECIPIENT_04,True
DEMO_04087,TXN_00147165,2026-01-24 04:05:00,PAYMENT_SEND,12.49,739.1,726.61,0.25,RECIPIENT_09,True
DEMO_04087,TXN_00147166,2026-01-24 07:23:00,DEBIT,21.28,500.68,479.4,0.0,RECIPIENT_14,True
DEMO_04087,TXN_00147167,2026-01-25 11:26:00,PAYMENT_SEND,15.53,532.73,517.19,0.25,RECIPIENT_02,True
DEMO_04127,TXN_00148572,2026-01-01 16:56:00,TRANSFER,26.18,203.3,177.12,0.0,RECIPIENT_15,True
DEMO_04127,TXN_00148573,2026-01-01 21:04:00,TRANSFER,22.76,206.9,184.14,0.0,RECIPIENT_04,True
DEMO_04127,TXN_00148574,2026-01-02 04:30:00,TRANSFER,42.38,206.21,163.83,0.0,RECIPIENT_17,True
DEMO_04127,TXN_00148575,2026-01-02 13:46:00,TRANSFER,32.63,165.03,132.4,0.0,RECIPIENT_04,True
DEMO_04127,TXN_00148576,2026-01-03 08:29:00,CASH_OUT,37.98,224.25,186.27,0.38,RECIPIENT_07,True
DEMO_04127,TXN_00148577,2026-01-04 18:16:00,TRANSFER,21.92,264.35,242.42,0.0,RECIPIENT_16,True
DEMO_04127,TXN_00148578,2026-01-04 23:17:00,TRANSFER,37.82,259.08,221.26,0.0,RECIPIENT_01,True
DEMO_04127,TXN_00148579,2026-01-05 16:21:00,TRANSFER,21.73,202.77,181.04,0.0,RECIPIENT_00,True
DEMO_04127,TXN_00148580,2026-01-06 23:26:00,CASH_OUT,43.21,275.55,232.34,0.43,RECIPIENT_02,True
DEMO_04127,TXN_00148581,2026-01-08 01:28:00,CASH_OUT,27.41,196.24,168.83,0.27,RECIPIENT_04,True
DEMO_04127,TXN_00148582,2026-01-09 09:57:00,CASH_IN,36.61,283.82,320.43,0.0,RECIPIENT_02,True
DEMO_04127,TXN_00148584,2026-01-10 00:01:00,DEBIT,29.71,310.58,280.87,0.0,RECIPIENT_04,True
DEMO_04127,TXN_00148583,2026-01-10 14:23:00,DEBIT,29.23,226.55,197.32,0.0,RECIPIENT_00,True
DEMO_04127,TXN_00148585,2026-01-12 17:20:00,CASH_IN,26.29,303.89,330.18,0.0,RECIPIENT_15,True
DEMO_04127,TXN_00148586,2026-01-13 03:21:00,DEBIT,17.21,182.16,164.95,0.0,RECIPIENT_03,True
DEMO_04127,TXN_00148587,2026-01-13 05:36:00,DEBIT,21.32,221.22,199.9,0.0,RECIPIENT_00,True
DEMO_04127,TXN_00148588,2026-01-15 01:30:00,PAYMENT_SEND,27.23,199.07,171.83,0.27,RECIPIENT_04,True
DEMO_04127,TXN_00148589,2026-01-15 08:54:00,CASH_OUT,35.48,218.63,183.15,0.35,RECIPIENT_00,True
DEMO_04127,TXN_00148590,2026-01-15 22:42:00,PAYMENT,36.53,335.67,299.14,0.0,RECIPIENT_05,True
DEMO_04127,TXN_00148591,2026-01-16 04:39:00,PAYMENT,30.91,286.14,255.24,0.0,RECIPIENT_00,True
DEMO_04127,TXN_00148592,2026-01-16 11:23:00,TRANSFER,18.53,249.91,231.38,0.0,RECIPIENT_00,True
DEMO_04127,TXN_00148593,2026-01-17 10:08:00,TRANSFER,24.63,301.68,277.05,0.0,RECIPIENT_00,True
DEMO_04127,TXN_00148594,2026-01-17 12:26:00,CASH_IN,26.77,300.0,326.77,0.0,RECIPIENT_16,True
DEMO_04127,TXN_00148595,2026-01-18 14:31:00,PAYMENT_SEND,43.7,541.27,497.57,0.44,RECIPIENT_16,True
DEMO_04127,TXN_00148596,2026-01-19 01:57:00,PAYMENT_SEND,15.83,432.82,416.99,0.25,RECIPIENT_03,True
DEMO_04127,TXN_00148597,2026-01-19 15:09:00,CASH_IN,10.11,296.44,306.55,0.0,RECIPIENT_04,True
DEMO_04127,TXN_00148598,2026-01-20 02:30:00,PAYMENT,20.72,382.34,361.62,0.0,RECIPIENT_11,True
DEMO_04127,TXN_00148599,2026-01-21 03:40:00,TRANSFER,14.93,350.49,335.56,0.0,RECIPIENT_14,True
DEMO_04127,TXN_00148600,2026-01-21 17:08:00,DEBIT,20.94,443.16,422.21,0.0,RECIPIENT_11,True
DEMO_04127,TXN_00148601,2026-01-22 08:28:00,DEBIT,32.11,278.0,245.89,0.0,RECIPIENT_01,True
DEMO_04127,TXN_00148602,2026-01-22 11:49:00,PAYMENT_SEND,14.29,255.28,240.99,0.25,RECIPIENT_00,True
DEMO_04127,TXN_00148603,2026-01-22 19:23:00,TRANSFER,19.95,489.33,469.38,0.0,RECIPIENT_02,True
DEMO_04127,TXN_00148604,2026-01-23 13:37:00,CASH_IN,8.37,291.82,300.19,0.0,RECIPIENT_01,True
DEMO_04127,TXN_00148606,2026-01-24 08:03:00,DEBIT,16.23,387.49,371.26,0.0,RECIPIENT_00,True
DEMO_04127,TXN_00148605,2026-01-24 22:22:00,CASH_OUT,14.91,371.87,356.96,0.25,RECIPIENT_04,True
DEMO_04127,TXN_00148607,2026-01-25 21:55:00,TRANSFER,9.14,285.6,276.46,0.0,RECIPIENT_11,True
DEMO_04270,TXN_00153720,2026-01-02 14:10:00,TRANSFER,15.02,290.29,275.27,0.0,RECIPIENT_02,True
DEMO_04270,TXN_00153721,2026-01-03 19:20:00,PAYMENT,23.69,364.97,341.28,0.0,RECIPIENT_05,True
DEMO_04270,TXN_00153722,2026-01-04 10:52:00,TRANSFER,21.15,398.84,377.69,0.0,RECIPIENT_03,True
DEMO_04270,TXN_00153723,2026-01-04 15:32:00,DEBIT,23.31,322.43,299.12,0.0,RECIPIENT_12,True
DEMO_04270,TXN_00153724,2026-01-05 20:07:00,DEBIT,34.45,280.32,245.87,0.0,RECIPIENT_08,True
DEMO_04270,TXN_00153725,2026-01-06 04:12:00,CASH_IN,8.36,190.47,198.84,0.0,RECIPIENT_01,True
DEMO_04270,TXN_00153726,2026-01-06 11:38:00,CASH_OUT,25.27,227.76,202.49,0.25,RECIPIENT_01,True
DEMO_04270,TXN_00153727,2026-01-06 19:38:00,TRANSFER,32.98,299.19,266.2,0.0,RECIPIENT_04,True
DEMO_04270,TXN_00153728,2026-01-08 01:19:00,PAYMENT,21.48,383.48,361.99,0.0,RECIPIENT_17,True
DEMO_04270,TXN_00153729,2026-01-08 08:13:00,PAYMENT,14.07,299.01,284.94,0.0,RECIPIENT_01,True
DEMO_04270,TXN_00153730,2026-01-08 09:50:00,DEBIT,12.26,264.1,251.84,0.0,RECIPIENT_03,True
DEMO_04270,TXN_00153731,2026-01-09 17:21:00,TRANSFER,11.75,493.49,481.74,0.0,RECIPIENT_02,True
DEMO_04270,TXN_00153732,2026-01-09 23:36:00,CASH_OUT,31.4,444.9,413.5,0.31,RECIPIENT_00,True
DEMO_04270,TXN_00153733,2026-01-10 21:57:00,PAYMENT_SEND,13.08,399.71,386.62,0.25,RECIPIENT_02,True
DEMO_04270,TXN_00153734,2026-01-11 10:20:00,CASH_IN,13.76,342.38,356.15,0.0,RECIPIENT_01,True
DEMO_04270,TXN_00153735,2026-01-11 12:32:00,CASH_OUT,18.56,358.19,339.63,0.25,RECIPIENT_03,True
DEMO_04270,TXN_00153736,2026-01-11 18:20:00,CASH_OUT,17.27,363.62,346.35,0.25,RECIPIENT_15,True
DEMO_04270,TXN_00153737,2026-01-12 01:50:00,TRANSFER,14.69,367.91,353.23,0.0,RECIPIENT_12,True
DEMO_04270,TXN_00153738,2026-01-12 05:02:00,CASH_OUT,17.5,307.36,289.86,0.25,RECIPIENT_12,True
DEMO_04270,TXN_00153739,2026-01-12 23:04:00,TRANSFER,19.91,308.92,289.01,0.0,RECIPIENT_03,True
DEMO_04270,TXN_00153740,2026-01-13 18:05:00,TRANSFER,24.66,305.57,280.92,0.0,RECIPIENT_00,True
DEMO_04270,TXN_00153741,2026-01-13 18:37:00,DEBIT,30.82,448.95,418.13,0.0,RECIPIENT_17,True
DEMO_04270,TXN_00153742,2026-01-15 01:05:00,TRANSFER,21.33,313.74,292.41,0.0,RECIPIENT_09,True
DEMO_04270,TXN_00153743,2026-01-15 10:38:00,DEBIT,15.07,367.09,352.02,0.0,RECIPIENT_01,True
DEMO_04270,TXN_00153744,2026-01-15 20:32:00,PAYMENT,17.72,366.94,349.22,0.0,RECIPIENT_02,True
DEMO_04270,TXN_00153745,2026-01-16 07:11:00,DEBIT,21.3,333.25,311.95,0.0,RECIPIENT_14,True
DEMO_04270,TXN_00153746,2026-01-17 23:21:00,PAYMENT,16.53,321.95,305.41,0.0,RECIPIENT_00,True
DEMO_04270,TXN_00153747,2026-01-18 04:29:00,PAYMENT_SEND,29.79,318.05,288.25,0.3,RECIPIENT_03,True
DEMO_04270,TXN_00153748,2026-01-18 19:27:00,CASH_IN,24.43,405.83,430.26,0.0,RECIPIENT_11,True
DEMO_04270,TXN_00153749,2026-01-19 15:46:00,PAYMENT,20.88,283.05,262.17,0.0,RECIPIENT_01,True
DEMO_04270,TXN_00153750,2026-01-20 20:31:00,TRANSFER,7.77,403.6,395.83,0.0,RECIPIENT_08,True
DEMO_04270,TXN_00153752,2026-01-21 12:39:00,TRANSFER,19.88,345.35,325.47,0.0,RECIPIENT_16,True
DEMO_04270,TXN_00153751,2026-01-21 23:03:00,DEBIT,10.14,335.54,325.4,0.0,RECIPIENT_01,True
DEMO_04270,TXN_00153753,2026-01-22 07:15:00,TRANSFER,16.52,272.34,255.83,0.0,RECIPIENT_06,True
DEMO_04270,TXN_00153754,2026-01-22 09:12:00,PAYMENT_SEND,6.64,356.92,350.29,0.25,RECIPIENT_07,True
DEMO_04270,TXN_00153755,2026-01-23 05:22:00,PAYMENT_SEND,25.67,308.66,282.99,0.26,RECIPIENT_03,True
DEMO_04410,TXN_00158760,2026-01-02 08:00:00,CASH_OUT,7.23,184.69,177.46,0.25,RECIPIENT_09,True
DEMO_04410,TXN_00158761,2026-01-02 14:40:00,DEBIT,34.08,210.6,176.52,0.0,RECIPIENT_02,True
DEMO_04410,TXN_00158762,2026-01-03 12:32:00,CASH_OUT,34.21,97.92,63.71,0.34,RECIPIENT_04,True
DEMO_04410,TXN_00158763,2026-01-03 16:43:00,TRANSFER,27.64,144.73,117.09,0.0,RECIPIENT_01,True
DEMO_04410,TXN_00158764,2026-01-03 18:54:00,DEBIT,24.59,149.18,124.59,0.0,RECIPIENT_04,True
DEMO_04410,TXN_00158765,2026-01-04 04:00:00,DEBIT,30.43,183.13,152.7,0.0,RECIPIENT_17,True
DEMO_04410,TXN_00158766,2026-01-04 15:07:00,PAYMENT_SEND,19.76,153.07,133.31,0.25,RECIPIENT_11,True
DEMO_04410,TXN_00158767,2026-01-05 04:06:00,DEBIT,31.18,171.1,139.92,0.0,RECIPIENT_09,True
DEMO_04410,TXN_00158768,2026-01-05 16:18:00,TRANSFER,39.28,192.81,153.52,0.0,RECIPIENT_01,True
DEMO_04410,TXN_00158769,2026-01-06 08:16:00,CASH_IN,34.66,257.91,292.57,0.0,RECIPIENT_00,True
DEMO_04410,TXN_00158770,2026-01-06 09:52:00,CASH_OUT,41.05,144.38,103.33,0.41,RECIPIENT_14,True
DEMO_04410,TXN_00158771,2026-01-06 19:05:00,PAYMENT,39.42,208.01,168.58,0.0,RECIPIENT_15,True
DEMO_04410,TXN_00158772,2026-01-07 07:01:00,PAYMENT,40.46,129.4,88.95,0.0,RECIPIENT_05,True
DEMO_04410,TXN_00158773,2026-01-07 19:28:00,DEBIT,15.96,189.69,173.73,0.0,RECIPIENT_02,True
DEMO_04410,TXN_00158774,2026-01-08 04:59:00,CASH_OUT,14.13,218.85,204.73,0.25,RECIPIENT_16,True
DEMO_04410,TXN_00158775,2026-01-08 09:06:00,CASH_OUT,47.25,197.93,150.68,0.47,RECIPIENT_15,True
DEMO_04410,TXN_00158776,2026-01-09 01:47:00,TRANSFER,27.36,259.59,232.23,0.0,RECIPIENT_00,True
DEMO_04410,TXN_00158777,2026-01-09 08:14:00,DEBIT,46.17,189.68,143.52,0.0,RECIPIENT_06,True
DEMO_04410,TXN_00158778,2026-01-09 13:55:00,PAYMENT,44.12,183.06,138.94,0.0,RECIPIENT_00,True
DEMO_04410,TXN_00158779,2026-01-09 23:31:00,PAYMENT_SEND,55.8,274.63,218.83,0.56,RECIPIENT_16,True
DEMO_04410,TXN_00158780,2026-01-10 16:26:00,DEBIT,36.95,120.49,83.54,0.0,RECIPIENT_03,True
DEMO_04410,TXN_00158781,2026-01-11 04:17:00,PAYMENT_SEND,15.93,234.25,218.32,0.25,RECIPIENT_03,True
DEMO_04410,TXN_00158782,2026-01-12 05:45:00,CASH_OUT,22.74,172.15,149.42,0.25,RECIPIENT_04,True
DEMO_04410,TXN_00158783,2026-01-13 01:17:00,TRANSFER,40.7,191.59,150.88,0.0,RECIPIENT_04,True
DEMO_04410,TXN_00158784,2026-01-13 16:26:00,CASH_OUT,30.16,114.63,84.47,0.3,RECIPIENT_10,True
DEMO_04410,TXN_00158786,2026-01-14 00:02:00,DEBIT,42.9,149.83,106.92,0.0,RECIPIENT_01,True
DEMO_04410,TXN_00158787,2026-01-14 00:43:00,DEBIT,60.04,199.64,139.61,0.0,RECIPIENT_02,True
DEMO_04410,TXN_00158785,2026-01-14 20:41:00,CASH_OUT,73.44,197.22,123.79,0.73,RECIPIENT_02,True
DEMO_04410,TXN_00158788,2026-01-15 11:20:00,DEBIT,60.84,136.81,75.97,0.0,RECIPIENT_01,True
DEMO_04410,TXN_00158789,2026-01-15 17:05:00,PAYMENT_SEND,28.11,157.06,128.95,0.28,RECIPIENT_02,True
DEMO_04410,TXN_00158790,2026-01-15 21:10:00,CASH_OUT,44.17,247.68,203.51,0.44,RECIPIENT_11,True
DEMO_04410,TXN_00158791,2026-01-16 11:13:00,DEBIT,48.24,114.29,66.05,0.0,RECIPIENT_13,True
DEMO_04410,TXN_00158792,2026-01-17 02:34:00,TRANSFER,51.14,128.81,77.67,0.0,RECIPIENT_05,True
DEMO_04410,TXN_00158793,2026-01-18 04:37:00,DEBIT,55.05,193.48,138.43,0.0,RECIPIENT_06,True
DEMO_04410,TXN_00158794,2026-01-18 12:07:00,DEBIT,52.91,139.09,86.18,0.0,RECIPIENT_02,True
DEMO_04410,TXN_00158795,2026-01-18 21:50:00,TRANSFER,28.81,159.27,130.46,0.0,RECIPIENT_17,True
