{
  "amount_lognormal_mu": 2.8420926326748197,
  "amount_lognormal_sigma": 1.003407049224932,
  "amount_mean": 32.80165975103734,
  "amount_median": 18.5,
  "transaction_frequency_hours": -10.01405982905983,
  "transaction_freq_lambda": -0.0998595991106521,
  "balance_mean": 305.88435684647305,
  "balance_std": 302.55472869656836,
  "type_distribution": {
    "TRANSFER": 0.529045643153527,
    "DEBIT": 0.2717842323651452,
    "PAYMENT_SEND": 0.1078838174273859,
    "CASH_OUT": 0.04979253112033195,
    "PAYMENT": 0.04149377593360996
  },
  "weekend_rate": 0.3215767634854772,
  "night_rate": 0.08091286307053942,
  "fee_rate": 0.24273858921161826,
  "elevy_rate": 0.12655601659751037,
  "self_transfer_rate": 0.0,
  "low_balance_rate": 0.01867219917012448
}